震级,time,纬度,经度,深度,place
3.2,2024-09-28 01:52:25,34.45,86.14,10,西藏那曲市尼玛县
4.0,2024-09-26 23:02:22,40.91,84.14,18,新疆巴音郭楞州尉犁县
3.6,2024-09-26 06:41:10,40.89,84.15,18,新疆巴音郭楞州尉犁县
3.3,2024-09-26 02:26:41,41.16,83.39,18,新疆阿克苏地区库车市
3.8,2024-09-25 19:53:34,41.64,88.69,21,新疆吐鲁番市托克逊县
3.8,2024-09-25 19:29:13,32.0,117.61,12,安徽合肥市肥东县
3.3,2024-09-25 18:15:43,38.41,106.26,10,宁夏银川市金凤区
3.3,2024-09-24 12:36:28,29.52,104.12,8,四川乐山市井研县
3.3,2024-09-24 11:18:54,40.91,84.17,15,新疆巴音郭楞州尉犁县
3.6,2024-09-23 23:37:19,23.38,100.06,10,云南临沧市双江县
3.0,2024-09-23 21:52:10,40.86,84.16,10,新疆巴音郭楞州尉犁县
4.2,2024-09-23 19:20:21,41.36,84.01,15,新疆阿克苏地区库车市
4.0,2024-09-23 12:30:06,40.86,84.16,20,新疆巴音郭楞州尉犁县
3.8,2024-09-22 00:58:09,31.56,88.37,10,西藏那曲市申扎县
3.6,2024-09-28 07:29:37,41.36,84.01,15,新疆阿克苏地区库车市
4.5,2024-09-21 18:51:09,24.3,121.6,20,台湾花莲县
4.2,2024-09-18 23:09:51,23.86,122.47,10,台湾花莲县海域
4.7,2024-09-18 20:08:16,31.98,117.6,12,安徽合肥市肥东县
3.0,2024-09-18 07:52:34,44.01,85.25,15,新疆塔城地区沙湾市
4.6,2024-09-17 16:33:03,43.72,88.26,32,新疆乌鲁木齐市达坂城区
4.6,2024-09-15 16:17:02,40.88,84.16,14,新疆巴音郭楞州尉犁县
3.6,2024-09-14 09:16:36,28.08,104.84,10,四川宜宾市珙县
3.9,2024-09-14 05:12:11,31.99,117.62,10,安徽合肥市肥东县
4.7,2024-09-14 02:29:51,31.4,86.53,14,西藏那曲市尼玛县
3.4,2024-09-14 01:32:13,41.08,78.53,15,新疆克孜勒苏州阿合奇县
3.6,2024-09-13 20:27:17,33.66,85.36,26,西藏阿里地区改则县
3.8,2024-09-13 18:01:08,34.01,82.21,10,西藏阿里地区日土县
3.4,2024-09-13 14:30:59,40.88,84.14,20,新疆巴音郭楞州尉犁县
3.8,2024-09-13 06:04:16,31.75,85.36,10,西藏那曲市尼玛县
3.4,2024-09-13 03:38:50,23.12,101.11,10,云南普洱市宁洱县
3.0,2024-09-13 02:19:36,41.37,83.82,10,新疆阿克苏地区库车市
3.7,2024-09-11 21:26:54,39.42,122.21,10,辽宁大连市普兰店区
3.4,2024-09-09 11:05:18,41.11,83.45,18,新疆阿克苏地区库车市
4.7,2024-09-07 13:16:48,23.88,121.8,20,台湾花莲县海域
3.5,2024-09-06 18:21:14,34.57,83.71,10,西藏阿里地区改则县
3.0,2024-09-06 02:22:54,35.37,113.56,15,河南新乡市辉县市
2.0,2024-09-04 12:44:08,39.7,118.6,15,河北唐山市滦州市
3.8,2024-09-04 04:34:40,34.53,83.68,10,西藏阿里地区改则县
3.6,2024-09-03 23:46:57,40.99,78.36,10,新疆克孜勒苏州阿合奇县
5.0,2024-09-02 16:26:24,23.9,121.73,20,台湾花莲县海域
3.8,2024-09-02 07:16:10,40.25,83.23,34,新疆阿克苏地区沙雅县
3.3,2024-09-02 05:21:54,43.39,84.82,15,新疆巴音郭楞州和静县
3.2,2024-09-01 14:53:51,29.75,101.11,15,四川甘孜州雅江县
2.2,2024-09-01 06:11:40,39.68,118.36,9,河北唐山市开平区
3.8,2024-09-01 04:57:20,40.76,109.82,15,内蒙古包头市昆都仑区
4.0,2024-09-01 02:21:40,23.87,121.7,10,台湾花莲县海域
3.1,2024-08-31 18:40:18,28.08,105.15,10,四川宜宾市兴文县
3.2,2024-08-31 02:00:02,39.74,118.61,14,河北唐山市滦州市
2.1,2024-08-30 12:25:26,36.5,102.16,9,青海海东市平安区(有感）
3.0,2024-08-30 04:48:38,36.64,86.95,20,新疆巴音郭楞州且末县
3.1,2024-08-30 02:37:14,42.24,80.61,10,新疆阿克苏地区温宿县
3.1,2024-08-29 23:31:23,41.25,84.1,15,新疆巴音郭楞州轮台县
4.0,2024-08-29 04:14:52,24.15,121.74,25,台湾花莲县海域
3.6,2024-08-28 05:15:00,23.61,100.58,10,云南普洱市景谷县
3.0,2024-08-27 03:44:48,40.88,83.96,14,新疆阿克苏地区库车市
3.3,2024-08-26 09:09:18,41.16,83.46,20,新疆阿克苏地区库车市
3.4,2024-08-25 15:18:28,24.89,99.3,10,云南保山市隆阳区
3.2,2024-08-25 15:02:18,40.93,83.95,16,新疆阿克苏地区库车市
3.4,2024-08-25 14:58:12,40.95,83.97,12,新疆阿克苏地区库车市
3.1,2024-08-23 15:41:03,40.9,84.17,19,新疆巴音郭楞州尉犁县
3.4,2024-08-23 11:01:54,42.99,85.51,15,新疆巴音郭楞州和静县
3.2,2024-08-22 13:13:36,40.96,83.95,20,新疆阿克苏地区库车市
3.2,2024-08-22 09:37:36,40.95,83.95,20,新疆阿克苏地区库车市
3.1,2024-08-22 09:11:19,40.95,83.96,18,新疆阿克苏地区库车市
5.0,2024-08-22 07:38:00,40.92,83.97,15,新疆阿克苏地区库车市
3.8,2024-08-22 05:14:37,41.28,78.74,10,新疆阿克苏地区乌什县
4.6,2024-08-20 23:04:36,22.79,101.03,10,云南普洱市思茅区
3.4,2024-08-18 21:07:31,33.54,121.2,17,江苏盐城市大丰区海域
3.2,2024-08-18 18:21:49,41.26,78.74,15,新疆阿克苏地区乌什县
3.0,2024-08-18 12:17:15,33.15,119.97,8,江苏泰州市兴化市
4.2,2024-08-17 21:10:10,24.41,122.06,10,台湾宜兰县海域
4.0,2024-08-17 06:19:29,23.84,121.54,18,台湾花莲县
3.4,2024-08-17 04:24:02,40.88,84.14,17,新疆巴音郭楞州尉犁县
6.1,2024-08-16 07:35:52,23.74,121.95,16,台湾花莲县海域
3.0,2024-08-16 05:40:46,32.55,84.89,10,西藏阿里地区改则县
4.0,2024-08-15 17:33:05,24.45,121.78,9,台湾宜兰县
5.4,2024-08-15 17:06:46,24.46,121.82,20,台湾宜兰县
3.3,2024-08-15 11:51:34,41.2,83.75,15,新疆阿克苏地区库车市
3.1,2024-08-15 07:38:37,28.13,103.52,11,云南昭通市永善县
3.0,2024-08-14 22:42:59,26.85,100.26,9,云南丽江市古城区
4.3,2024-08-14 09:36:11,40.87,84.15,20,新疆巴音郭楞州尉犁县
3.7,2024-08-14 09:34:41,40.88,84.15,21,新疆巴音郭楞州尉犁县
3.0,2024-08-14 01:45:01,43.37,84.81,15,新疆巴音郭楞州和静县
3.6,2024-08-13 20:08:57,28.22,100.69,19,四川凉山州木里县
3.9,2024-08-10 23:16:42,41.33,83.76,10,新疆阿克苏地区库车市
3.9,2024-08-09 04:06:14,43.74,86.25,20,新疆昌吉州呼图壁县
3.3,2024-08-08 21:32:09,25.35,101.61,10,云南楚雄州牟定县
3.7,2024-08-08 15:13:00,39.39,73.62,10,新疆克孜勒苏州阿克陶县
3.1,2024-08-07 10:44:47,29.55,102.02,9,四川甘孜州泸定县
3.4,2024-08-06 09:32:32,40.3,77.25,10,新疆克孜勒苏州阿图什市
3.0,2024-08-06 05:59:53,38.37,74.89,152,新疆克孜勒苏州阿克陶县
3.3,2024-08-05 22:24:45,38.52,91.7,9,青海海西州茫崖市
3.4,2024-08-05 03:09:38,31.81,101.23,10,四川阿坝州壤塘县
3.1,2024-08-04 00:28:39,29.96,87.01,10,西藏日喀则市昂仁县
3.0,2024-08-03 05:25:01,40.88,84.19,18,新疆巴音郭楞州尉犁县
3.9,2024-08-03 05:19:30,40.84,84.12,21,新疆巴音郭楞州尉犁县
3.1,2024-08-03 05:16:24,40.85,84.12,20,新疆巴音郭楞州尉犁县
3.1,2024-08-02 17:53:18,27.0,101.04,10,云南丽江市宁蒗县
3.0,2024-08-02 06:14:44,38.53,91.67,11,青海海西州茫崖市
3.0,2024-08-02 00:18:02,29.24,105.56,8,四川泸州市泸县
3.0,2024-08-01 11:18:10,28.16,105.18,10,四川宜宾市兴文县
2.2,2024-08-01 09:09:49,36.38,114.35,15,河北邯郸市磁县
3.2,2024-08-01 07:20:30,28.21,100.7,8,四川凉山州木里县
3.2,2024-07-31 08:39:18,28.22,100.69,11,四川凉山州木里县
3.3,2024-07-30 17:27:55,26.99,101.04,10,云南丽江市宁蒗县
3.7,2024-07-30 16:24:06,38.23,93.63,9,青海海西州茫崖市
3.1,2024-07-30 15:35:52,32.2,92.74,10,西藏那曲市聂荣县
3.2,2024-07-30 09:59:17,41.43,83.56,16,新疆阿克苏地区库车市
4.0,2024-07-30 09:27:33,29.5,98.8,10,西藏昌都市芒康县
3.1,2024-07-30 04:42:08,21.74,111.8,13,广东阳江市江城区
3.6,2024-07-29 22:50:49,25.41,99.25,10,云南保山市隆阳区
3.3,2024-07-29 01:47:07,44.03,82.21,30,新疆伊犁州尼勒克县
3.4,2024-07-28 05:41:53,40.84,84.1,21,新疆巴音郭楞州尉犁县
3.1,2024-07-28 05:22:21,33.34,87.27,10,西藏那曲市双湖县
4.5,2024-07-27 19:21:46,21.86,121.22,28,台湾屏东县海域
3.6,2024-07-26 20:50:23,34.17,86.46,10,西藏那曲市尼玛县
4.2,2024-07-26 10:23:53,24.11,122.32,10,台湾花莲县海域
3.6,2024-07-25 09:27:21,40.85,84.13,21,新疆巴音郭楞州尉犁县
3.0,2024-07-24 18:18:27,40.82,84.12,22,新疆巴音郭楞州尉犁县
4.2,2024-07-24 16:39:32,40.85,84.1,25,新疆巴音郭楞州尉犁县
4.3,2024-07-24 11:31:21,40.17,76.58,17,新疆克孜勒苏州阿图什市
4.6,2024-07-24 07:55:02,26.27,104.74,10,贵州六盘水市水城区
3.6,2024-07-23 20:22:48,24.25,98.07,13,云南德宏州芒市
3.0,2024-07-23 13:30:53,40.85,84.13,21,新疆巴音郭楞州尉犁县
3.0,2024-07-23 09:22:56,32.53,89.21,10,西藏那曲市双湖县
3.1,2024-07-23 05:14:56,41.16,83.48,18,新疆阿克苏地区库车市
3.2,2024-07-22 23:02:18,33.2,88.46,10,西藏那曲市双湖县
3.1,2024-07-22 06:50:02,33.02,116.27,8,安徽亳州市利辛县
3.3,2024-07-21 13:52:45,38.31,78.21,13,新疆喀什地区叶城县
3.2,2024-07-21 09:24:22,40.78,77.81,15,新疆克孜勒苏州阿合奇县
4.7,2024-07-21 02:10:06,43.38,84.79,14,新疆巴音郭楞州和静县
4.8,2024-07-20 22:18:56,40.9,84.13,14,新疆巴音郭楞州尉犁县
3.6,2024-07-20 10:07:30,40.32,77.1,17,新疆克孜勒苏州阿图什市
4.5,2024-07-20 09:56:58,40.84,84.11,18,新疆巴音郭楞州尉犁县
3.2,2024-07-20 06:21:04,33.88,86.67,10,西藏那曲市尼玛县
4.0,2024-07-19 14:22:02,24.29,98.12,14,云南德宏州芒市
3.0,2024-07-19 00:24:45,26.98,103.08,14,云南昭通市巧家县
3.0,2024-07-18 18:50:26,40.74,84.11,10,新疆巴音郭楞州尉犁县
3.1,2024-07-18 18:05:28,29.95,86.99,10,西藏日喀则市昂仁县
3.6,2024-07-18 13:48:10,44.35,83.34,16,新疆博尔塔拉州精河县
3.0,2024-07-17 12:23:57,28.21,100.69,11,四川凉山州木里县
3.4,2024-07-17 04:14:52,40.82,84.14,15,新疆巴音郭楞州尉犁县
3.1,2024-07-17 03:57:39,40.78,84.17,10,新疆巴音郭楞州尉犁县
3.7,2024-07-17 01:29:29,40.81,84.14,10,新疆巴音郭楞州尉犁县
3.4,2024-07-15 06:05:37,40.81,84.17,15,新疆巴音郭楞州尉犁县
3.9,2024-07-15 05:58:53,40.82,84.15,17,新疆巴音郭楞州尉犁县
3.0,2024-07-15 05:44:49,40.82,84.14,14,新疆巴音郭楞州尉犁县
3.4,2024-07-14 06:49:31,29.97,87.0,10,西藏日喀则市昂仁县
3.3,2024-07-13 07:39:04,40.83,84.14,15,新疆巴音郭楞州尉犁县
3.6,2024-07-12 22:35:40,40.83,84.12,17,新疆巴音郭楞州尉犁县
3.2,2024-07-12 21:57:48,40.81,84.13,12,新疆巴音郭楞州尉犁县
3.6,2024-07-12 09:56:17,40.78,84.18,10,新疆巴音郭楞州尉犁县
3.2,2024-07-12 00:14:22,40.74,84.16,10,新疆巴音郭楞州尉犁县
2.1,2024-07-11 23:42:38,38.46,116.6,13,河北沧州市河间市
3.1,2024-07-11 08:49:18,41.88,82.15,20,新疆阿克苏地区拜城县
3.1,2024-07-11 06:12:08,40.81,84.13,10,新疆巴音郭楞州尉犁县
3.0,2024-07-11 03:49:25,29.97,86.99,10,西藏日喀则市昂仁县
3.1,2024-07-10 21:38:15,30.15,82.67,10,西藏日喀则市仲巴县
3.8,2024-07-10 21:34:42,40.81,84.16,15,新疆巴音郭楞州尉犁县
3.2,2024-07-10 04:05:57,40.13,77.28,24,新疆克孜勒苏州阿图什市
3.3,2024-07-10 03:17:59,34.25,86.52,10,西藏那曲市尼玛县
3.6,2024-07-08 16:07:19,32.61,119.6,8,江苏扬州市江都区
3.4,2024-07-07 16:02:04,40.77,83.42,24,新疆阿克苏地区沙雅县
3.2,2024-07-07 13:15:22,40.87,84.16,18,新疆巴音郭楞州尉犁县
3.4,2024-07-07 10:56:42,29.27,105.5,8,四川泸州市泸县
3.8,2024-07-06 13:34:45,26.72,100.84,10,云南丽江市永胜县
4.8,2024-07-05 06:04:27,40.86,84.15,20,新疆巴音郭楞州尉犁县
3.0,2024-07-05 00:51:43,42.68,83.11,10,新疆巴音郭楞州和静县
3.4,2024-07-04 14:02:40,40.84,84.17,10,新疆巴音郭楞州尉犁县
3.7,2024-07-03 14:10:30,40.81,84.11,15,新疆巴音郭楞州尉犁县
3.2,2024-07-03 09:04:16,25.45,106.56,10,贵州黔南州罗甸县
3.2,2024-06-30 21:46:59,40.91,84.16,17,新疆巴音郭楞州尉犁县
3.0,2024-06-28 19:06:22,42.27,81.15,15,新疆伊犁州昭苏县
3.1,2024-06-28 13:59:34,28.34,104.97,9,四川宜宾市长宁县
3.5,2024-06-28 10:53:33,25.53,106.63,8,贵州黔南州罗甸县
3.2,2024-06-28 03:38:24,39.76,74.42,10,新疆克孜勒苏州乌恰县
3.0,2024-06-28 00:08:58,26.79,100.85,10,云南丽江市永胜县
3.1,2024-06-27 12:29:57,41.16,78.65,13,新疆克孜勒苏州阿合奇县
3.6,2024-06-27 09:28:16,25.44,106.55,10,贵州黔南州罗甸县
4.4,2024-06-26 16:36:12,26.78,100.85,15,云南丽江市永胜县
3.3,2024-06-26 16:30:15,26.78,100.85,14,云南丽江市永胜县
4.5,2024-06-26 16:19:06,26.78,100.84,15,云南丽江市永胜县
3.3,2024-06-26 11:54:59,41.11,90.48,35,新疆巴音郭楞州若羌县
3.3,2024-06-26 06:48:53,25.4,106.59,10,贵州黔南州罗甸县
3.6,2024-06-25 13:25:21,40.88,84.16,15,新疆巴音郭楞州尉犁县
3.4,2024-06-25 13:25:00,40.85,84.16,15,新疆巴音郭楞州尉犁县
4.9,2024-06-24 13:36:10,40.95,84.1,18,新疆巴音郭楞州尉犁县
3.1,2024-06-24 12:59:55,41.31,83.85,10,新疆阿克苏地区库车市
3.1,2024-06-24 07:48:31,25.47,106.54,10,贵州黔南州罗甸县
3.7,2024-06-23 23:36:13,40.87,84.13,17,新疆巴音郭楞州尉犁县
4.9,2024-06-23 22:27:09,23.84,121.71,19,台湾花莲县海域
3.4,2024-06-23 22:11:30,34.11,86.41,10,西藏那曲市尼玛县
4.2,2024-06-23 20:42:48,33.92,86.26,10,西藏阿里地区改则县
4.6,2024-06-23 20:40:17,33.99,86.25,10,西藏那曲市尼玛县
3.0,2024-06-23 19:15:25,40.81,84.11,10,新疆巴音郭楞州尉犁县
3.5,2024-06-23 16:27:49,25.38,106.55,10,贵州黔南州罗甸县
3.1,2024-06-23 16:08:07,25.45,106.56,13,贵州黔南州罗甸县
3.3,2024-06-23 03:00:39,40.81,84.14,11,新疆巴音郭楞州尉犁县
3.4,2024-06-22 13:43:14,41.17,83.34,17,新疆阿克苏地区库车市
2.6,2024-06-21 01:52:20,25.44,106.56,10,贵州黔南州罗甸县
3.0,2024-06-21 01:18:22,25.46,106.57,8,贵州黔南州罗甸县
4.8,2024-06-20 19:36:08,40.21,77.68,10,新疆克孜勒苏州阿图什市
4.1,2024-06-20 00:59:24,40.81,84.19,18,新疆巴音郭楞州尉犁县
3.9,2024-06-18 21:42:52,35.19,87.82,10,西藏那曲市双湖县
2.8,2024-06-18 20:31:31,34.33,107.8,15,陕西宝鸡市扶风县
4.0,2024-06-18 11:46:57,24.13,121.9,19,台湾花莲县海域
4.2,2024-06-16 13:39:00,39.08,75.27,27,新疆克孜勒苏州阿克陶县
3.6,2024-06-16 12:15:56,43.46,81.45,20,新疆伊犁州察布查尔县
3.2,2024-06-15 22:24:27,39.9,77.33,18,新疆克孜勒苏州阿图什市
2.9,2024-06-15 09:52:40,29.45,104.8,11,四川自贡市大安区
4.2,2024-06-15 07:24:16,34.09,86.47,10,西藏那曲市尼玛县
3.2,2024-06-14 14:26:40,40.85,84.08,15,新疆巴音郭楞州尉犁县
3.0,2024-06-14 06:02:28,27.01,103.4,10,云南昭通市巧家县
3.1,2024-06-14 00:49:08,35.81,80.69,12,新疆和田地区策勒县
3.4,2024-06-13 03:22:34,34.77,88.12,10,西藏那曲市双湖县
3.1,2024-06-13 01:47:18,34.11,86.37,10,西藏那曲市尼玛县
3.2,2024-06-12 15:31:05,32.49,93.56,10,西藏那曲市巴青县
4.7,2024-06-12 11:48:15,33.61,97.46,10,四川甘孜州石渠县
4.2,2024-06-12 05:51:32,23.81,121.67,20,台湾花莲县海域
3.1,2024-06-11 20:43:03,40.83,84.17,10,新疆巴音郭楞州尉犁县
3.0,2024-06-11 02:35:11,41.22,83.37,19,新疆阿克苏地区库车市
5.0,2024-06-11 01:35:24,40.89,84.15,20,新疆巴音郭楞州尉犁县
2.5,2024-06-10 07:58:23,36.43,114.02,10,河北邯郸市磁县
3.1,2024-06-10 04:06:51,39.95,83.39,15,新疆阿克苏地区沙雅县
4.0,2024-06-10 00:01:16,34.26,86.55,10,西藏那曲市尼玛县
3.4,2024-06-09 12:35:05,27.64,93.17,10,西藏山南市错那市
4.0,2024-06-09 11:43:45,46.58,119.31,20,内蒙古锡林郭勒盟东乌珠穆沁旗
3.5,2024-06-08 11:16:34,26.3,118.15,8,福建三明市尤溪县
3.1,2024-06-08 05:50:56,46.1,118.11,15,内蒙古锡林郭勒盟东乌珠穆沁旗
3.0,2024-06-07 20:25:30,41.38,83.85,10,新疆阿克苏地区库车市
4.2,2024-06-07 20:23:03,32.12,101.27,11,四川阿坝州壤塘县
3.0,2024-06-06 17:50:56,40.79,84.14,14,新疆巴音郭楞州尉犁县
3.6,2024-06-06 15:04:05,40.82,84.13,10,新疆巴音郭楞州尉犁县
3.1,2024-06-06 12:08:38,41.21,83.7,13,新疆阿克苏地区库车市
3.2,2024-06-05 21:00:15,40.96,106.76,14,内蒙古巴彦淖尔市乌拉特后旗
3.8,2024-06-05 20:05:15,32.63,86.05,10,西藏那曲市尼玛县
3.1,2024-06-05 01:42:42,34.1,86.39,10,西藏那曲市尼玛县
3.7,2024-06-05 01:00:51,40.28,77.09,30,新疆克孜勒苏州阿图什市
3.0,2024-06-04 12:14:09,27.4,101.74,8,四川凉山州盐源县
3.6,2024-06-04 02:54:02,34.22,86.42,10,西藏那曲市尼玛县
3.3,2024-06-04 00:45:54,36.76,76.94,93,新疆喀什地区叶城县
4.1,2024-06-02 09:27:24,23.75,121.67,10,台湾花莲县海域
3.2,2024-06-01 20:37:50,34.41,86.45,10,西藏那曲市尼玛县
3.7,2024-06-01 18:58:56,34.23,86.33,10,西藏那曲市尼玛县
3.0,2024-06-01 11:15:18,34.54,86.65,10,西藏那曲市尼玛县
3.8,2024-06-01 10:59:54,34.47,86.42,10,西藏那曲市尼玛县
5.9,2024-06-01 08:46:37,34.14,86.36,8,西藏那曲市尼玛县
4.2,2024-06-01 08:32:38,24.35,122.08,10,台湾宜兰县海域
5.2,2024-06-01 01:10:59,24.01,121.59,10,台湾花莲县
3.1,2024-05-31 15:21:25,40.81,79.08,12,新疆阿克苏地区柯坪县
3.1,2024-05-31 07:24:19,40.87,79.01,16,新疆阿克苏地区柯坪县
3.7,2024-05-31 01:10:20,28.21,100.66,8,四川凉山州木里县
4.0,2024-05-30 23:52:16,23.95,121.75,32,台湾花莲县海域
3.1,2024-05-30 15:31:28,41.02,83.35,20,新疆阿克苏地区沙雅县
3.0,2024-05-30 11:24:26,36.59,82.48,10,新疆和田地区于田县
4.5,2024-05-30 09:11:38,24.2,121.79,32,台湾花莲县海域
4.3,2024-05-30 07:54:44,24.01,121.86,17,台湾花莲县海域
3.7,2024-05-30 06:45:22,41.04,83.35,20,新疆阿克苏地区沙雅县
3.0,2024-05-30 06:38:38,28.25,100.68,14,四川凉山州木里县
4.1,2024-05-29 09:05:10,41.28,84.0,16,新疆阿克苏地区库车市
3.6,2024-05-28 09:13:02,30.16,81.26,10,西藏阿里地区普兰县
3.2,2024-05-27 21:53:34,28.48,96.33,10,西藏林芝市察隅县
3.0,2024-05-27 18:47:45,28.23,100.69,10,四川凉山州木里县
4.1,2024-05-27 18:39:16,28.24,100.67,8,四川凉山州木里县
4.5,2024-05-27 18:37:10,28.24,100.7,8,四川凉山州木里县
3.0,2024-05-27 16:43:55,28.24,100.69,9,四川凉山州木里县
4.4,2024-05-27 16:25:34,28.25,100.68,9,四川凉山州木里县
5.0,2024-05-27 11:07:10,28.25,100.7,8,四川凉山州木里县
3.8,2024-05-27 07:02:52,30.56,86.31,10,西藏日喀则市昂仁县
3.7,2024-05-27 06:19:56,40.87,78.25,10,新疆克孜勒苏州阿合奇县
3.9,2024-05-27 01:54:51,38.29,75.17,125,新疆克孜勒苏州阿克陶县
3.0,2024-05-26 19:10:29,29.24,105.52,15,四川泸州市泸县
3.1,2024-05-26 06:03:33,36.78,77.06,90,新疆喀什地区叶城县
3.0,2024-05-25 17:28:55,40.87,83.96,13,新疆阿克苏地区库车市
4.4,2024-05-25 01:07:10,24.22,121.84,21,台湾花莲县海域
3.1,2024-05-24 21:15:42,32.35,95.55,9,青海玉树州囊谦县
3.0,2024-05-24 07:27:10,41.82,82.43,21,新疆阿克苏地区拜城县
3.0,2024-05-24 05:40:53,41.83,82.43,20,新疆阿克苏地区拜城县
3.4,2024-05-24 04:17:50,41.78,82.43,18,新疆阿克苏地区拜城县
3.4,2024-05-24 01:38:26,41.77,82.45,17,新疆阿克苏地区拜城县
3.6,2024-05-24 00:11:14,41.84,82.48,20,新疆阿克苏地区拜城县
3.8,2024-05-24 00:05:56,41.84,82.49,20,新疆阿克苏地区拜城县
3.2,2024-05-23 23:38:45,41.83,82.44,15,新疆阿克苏地区拜城县
3.2,2024-05-23 23:22:52,41.76,82.42,10,新疆阿克苏地区拜城县
3.3,2024-05-23 23:07:30,41.79,82.43,22,新疆阿克苏地区拜城县
3.2,2024-05-23 22:46:15,41.82,82.45,15,新疆阿克苏地区拜城县
4.5,2024-05-23 22:30:13,41.83,82.45,15,新疆阿克苏地区拜城县
5.0,2024-05-22 16:00:42,23.8,121.74,10,台湾花莲县海域
3.2,2024-05-22 12:22:47,40.35,82.61,10,新疆阿克苏地区沙雅县
3.0,2024-05-22 00:54:09,27.19,102.99,10,云南昭通市巧家县
3.4,2024-05-21 09:38:36,29.78,102.02,11,四川甘孜州泸定县
3.0,2024-05-21 07:39:22,29.78,102.02,11,四川甘孜州泸定县
3.8,2024-05-21 05:26:59,33.64,81.92,10,西藏阿里地区日土县
3.3,2024-05-21 02:31:31,41.33,78.99,11,新疆阿克苏地区乌什县
3.0,2024-05-20 15:19:37,40.36,77.03,19,新疆克孜勒苏州阿图什市
5.2,2024-05-20 13:10:22,40.28,77.05,19,新疆克孜勒苏州阿图什市
3.6,2024-05-19 08:45:55,41.73,79.44,15,新疆阿克苏地区乌什县
4.6,2024-05-19 03:38:48,36.42,77.1,10,新疆喀什地区叶城县
3.9,2024-05-19 03:35:44,40.35,113.78,13,山西大同市阳高县
3.3,2024-05-18 15:10:17,40.91,78.25,10,新疆克孜勒苏州阿合奇县
3.4,2024-05-16 15:56:07,39.28,97.24,8,甘肃酒泉市肃北县
3.0,2024-05-15 08:49:10,31.55,104.05,13,四川德阳市绵竹市
3.1,2024-05-13 04:11:13,28.25,100.68,11,四川凉山州木里县
3.1,2024-05-12 14:00:43,41.26,83.78,13,新疆阿克苏地区库车市
3.4,2024-05-12 13:52:54,41.25,83.79,13,新疆阿克苏地区库车市
3.1,2024-05-12 02:32:14,31.99,117.6,15,安徽合肥市肥东县
4.4,2024-05-11 17:44:39,23.99,121.77,17,台湾花莲县海域
3.7,2024-05-11 15:11:37,40.77,83.93,11,新疆阿克苏地区沙雅县
4.5,2024-05-11 13:16:01,23.85,121.73,8,台湾花莲县海域
2.4,2024-05-10 17:21:59,38.51,116.54,13,河北廊坊市大城县
5.6,2024-05-10 15:45:19,24.22,121.89,10,台湾花莲县海域
4.2,2024-05-10 09:52:25,37.6,75.0,10,新疆喀什地区塔什库尔干县
4.6,2024-05-10 09:37:24,23.86,121.59,10,台湾花莲县
4.6,2024-05-10 09:35:39,23.76,121.64,10,台湾花莲县海域
3.1,2024-05-09 15:33:08,33.39,86.93,10,西藏那曲市尼玛县
3.0,2024-05-09 09:42:14,41.26,83.28,14,新疆阿克苏地区库车市
4.2,2024-05-08 19:31:23,24.1,122.56,20,台湾花莲县海域
3.0,2024-05-08 18:47:38,40.31,77.06,30,新疆克孜勒苏州阿图什市
4.3,2024-05-08 16:40:44,23.71,121.61,9,台湾花莲县海域
3.6,2024-05-08 10:26:46,44.18,123.85,12,吉林松原市长岭县
5.2,2024-05-06 17:52:46,23.7,121.57,25,台湾花莲县海域
5.3,2024-05-06 17:45:32,23.71,121.62,20,台湾花莲县海域
3.1,2024-05-06 08:54:10,40.76,83.94,10,新疆阿克苏地区沙雅县
3.4,2024-05-02 22:18:37,41.38,83.85,10,新疆阿克苏地区库车市
4.5,2024-05-02 10:07:27,22.5,121.46,10,台湾台东县海域
3.1,2024-05-02 07:09:18,41.89,82.26,20,新疆阿克苏地区拜城县
4.5,2024-05-02 03:17:23,40.89,78.36,10,新疆克孜勒苏州阿合奇县
3.4,2024-05-01 03:22:55,30.54,83.73,10,西藏日喀则市仲巴县
3.0,2024-04-30 11:11:47,40.78,78.58,10,新疆克孜勒苏州阿合奇县
3.1,2024-04-30 10:23:53,40.29,83.96,18,新疆阿克苏地区沙雅县
2.8,2024-04-30 07:52:46,33.46,107.69,10,陕西汉中市洋县
3.1,2024-04-29 21:55:43,28.14,92.63,10,西藏山南市隆子县
3.1,2024-04-29 20:06:19,40.99,78.31,10,新疆克孜勒苏州阿合奇县
4.0,2024-04-29 01:40:20,24.14,121.77,31,台湾花莲县海域
3.2,2024-04-28 20:09:15,41.37,78.96,10,新疆阿克苏地区乌什县
4.4,2024-04-28 19:31:09,41.33,78.98,14,新疆阿克苏地区乌什县
4.4,2024-04-28 11:43:50,38.27,122.96,30,黄海海域
3.0,2024-04-27 13:47:55,31.32,103.72,17,四川成都市彭州市
4.0,2024-04-27 03:13:27,24.18,121.73,25,台湾花莲县海域
5.3,2024-04-27 02:49:28,24.21,121.77,27,台湾花莲县海域
5.6,2024-04-27 02:21:23,24.08,121.77,30,台湾花莲县海域
4.6,2024-04-26 20:28:13,23.8,121.56,10,台湾花莲县
3.1,2024-04-26 13:48:55,41.2,83.74,20,新疆阿克苏地区库车市
3.2,2024-04-25 21:00:54,35.85,111.26,16,山西临汾市襄汾县
3.9,2024-04-25 17:24:44,41.18,78.54,10,新疆克孜勒苏州阿合奇县
3.0,2024-04-25 13:56:45,40.3,83.95,16,新疆阿克苏地区沙雅县
4.1,2024-04-25 09:23:20,23.82,121.62,10,台湾花莲县海域
4.0,2024-04-25 08:19:14,23.7,121.58,9,台湾花莲县海域
5.0,2024-04-25 02:11:55,23.95,122.31,10,台湾花莲县海域
3.1,2024-04-24 16:40:08,49.2,122.74,20,内蒙古呼伦贝尔市鄂伦春旗
4.4,2024-04-24 15:30:52,23.81,121.61,10,台湾花莲县海域
4.3,2024-04-24 13:05:16,25.24,99.96,10,云南大理州巍山县
4.1,2024-04-24 13:01:19,24.28,122.04,10,台湾花莲县海域
4.4,2024-04-24 00:02:21,24.08,121.74,14,台湾花莲县海域
3.2,2024-04-23 21:54:47,28.54,103.75,10,四川宜宾市屏山县
4.2,2024-04-23 20:40:51,23.76,121.63,8,台湾花莲县海域
3.1,2024-04-23 20:26:35,41.08,78.54,10,新疆克孜勒苏州阿合奇县
4.0,2024-04-23 13:08:08,23.76,121.56,10,台湾花莲县
4.1,2024-04-23 10:27:06,23.83,121.58,10,台湾花莲县
4.4,2024-04-23 10:23:53,23.9,121.55,10,台湾花莲县
5.0,2024-04-23 10:21:01,23.82,121.6,10,台湾花莲县海域
5.0,2024-04-23 09:45:46,23.8,121.58,10,台湾花莲县海域
6.0,2024-04-23 08:04:06,23.87,121.59,10,台湾花莲县
5.3,2024-04-23 05:31:40,23.81,121.6,10,台湾花莲县海域
5.0,2024-04-23 05:24:33,23.73,121.49,10,台湾花莲县
5.2,2024-04-23 05:19:37,23.76,121.58,10,台湾花莲县海域
4.8,2024-04-23 05:14:47,23.75,121.51,10,台湾花莲县
4.2,2024-04-23 05:11:01,23.75,121.52,10,台湾花莲县
5.1,2024-04-23 05:04:22,23.69,121.52,10,台湾花莲县
4.8,2024-04-23 04:52:58,23.81,121.48,8,台湾花莲县
5.8,2024-04-23 04:49:58,23.69,121.58,10,台湾花莲县海域
4.8,2024-04-23 04:03:08,23.8,121.61,10,台湾花莲县海域
4.6,2024-04-23 03:34:06,23.77,121.58,10,台湾花莲县海域
4.8,2024-04-23 03:19:54,23.88,121.57,10,台湾花莲县
6.2,2024-04-23 02:32:50,23.81,121.53,10,台湾花莲县
6.3,2024-04-23 02:26:53,23.7,121.68,10,台湾花莲县海域
4.2,2024-04-23 01:40:25,23.7,121.51,10,台湾花莲县
4.0,2024-04-23 00:33:05,23.84,121.69,12,台湾花莲县海域
5.9,2024-04-22 22:11:25,23.79,121.49,9,台湾花莲县
4.2,2024-04-22 21:42:57,23.83,121.65,10,台湾花莲县海域
5.1,2024-04-22 21:13:41,23.67,121.54,10,台湾花莲县
4.4,2024-04-22 21:08:48,42.02,82.56,15,新疆阿克苏地区拜城县
4.4,2024-04-22 21:00:43,23.72,121.58,10,台湾花莲县海域
4.8,2024-04-22 19:45:37,23.7,121.58,10,台湾花莲县海域
4.5,2024-04-22 19:44:00,23.77,121.6,10,台湾花莲县海域
4.6,2024-04-22 19:34:29,23.74,121.53,10,台湾花莲县
4.8,2024-04-22 19:25:59,23.75,121.45,10,台湾花莲县
4.6,2024-04-22 19:25:14,23.71,121.53,10,台湾花莲县
4.4,2024-04-22 19:22:07,23.78,121.59,10,台湾花莲县海域
4.9,2024-04-22 19:13:11,23.81,121.68,11,台湾花莲县海域
4.3,2024-04-22 19:10:14,23.71,121.55,8,台湾花莲县海域
5.7,2024-04-22 18:50:32,23.76,121.51,10,台湾花莲县
4.9,2024-04-22 18:49:07,23.7,121.57,10,台湾花莲县海域
5.3,2024-04-22 18:46:12,23.74,121.59,10,台湾花莲县海域
4.7,2024-04-22 17:52:55,23.78,121.61,9,台湾花莲县海域
4.5,2024-04-22 17:17:11,23.78,121.49,10,台湾花莲县
4.6,2024-04-22 17:15:56,23.64,121.41,10,台湾花莲县
4.9,2024-04-22 17:12:11,23.78,121.55,8,台湾花莲县
5.3,2024-04-22 17:08:40,23.72,121.59,10,台湾花莲县海域
2.5,2024-04-22 06:43:28,43.78,87.27,25,新疆乌鲁木齐市乌鲁木齐县（有感）
2.9,2024-04-22 06:12:55,43.76,87.28,21,新疆乌鲁木齐市乌鲁木齐县（有感）
3.1,2024-04-22 00:38:02,41.34,78.89,10,新疆阿克苏地区乌什县
4.6,2024-04-22 00:35:50,24.24,121.68,9,台湾花莲县
3.6,2024-04-21 15:20:05,39.63,74.28,11,新疆克孜勒苏州乌恰县
3.1,2024-04-21 11:47:22,38.64,74.9,10,新疆克孜勒苏州阿克陶县
5.0,2024-04-21 10:40:56,23.49,121.6,20,台湾花莲县海域
3.0,2024-04-21 10:09:36,37.88,75.82,100,新疆喀什地区塔什库尔干县
4.0,2024-04-20 09:44:03,33.6,81.86,10,西藏阿里地区日土县
3.9,2024-04-19 22:25:52,24.31,121.83,18,台湾宜兰县海域
3.8,2024-04-19 13:27:56,41.84,81.71,9,新疆阿克苏地区拜城县
3.2,2024-04-19 07:55:26,28.44,102.04,14,四川凉山州冕宁县
4.2,2024-04-19 05:54:10,25.22,99.96,10,云南大理州巍山县
3.3,2024-04-19 01:52:57,33.63,81.85,10,西藏阿里地区日土县
3.8,2024-04-19 01:44:22,33.51,81.76,10,西藏阿里地区日土县
4.5,2024-04-19 01:40:02,33.49,81.81,10,西藏阿里地区日土县
3.1,2024-04-18 23:33:24,38.34,75.65,135,新疆克孜勒苏州阿克陶县
3.4,2024-04-18 15:43:32,33.6,81.85,10,西藏阿里地区日土县
3.2,2024-04-18 10:13:40,34.33,85.18,10,西藏阿里地区改则县
3.0,2024-04-18 08:23:33,41.19,78.76,10,新疆阿克苏地区乌什县
4.1,2024-04-17 20:21:57,33.5,81.75,10,西藏阿里地区日土县
4.6,2024-04-17 17:17:09,23.93,121.75,23,台湾花莲县海域
4.7,2024-04-17 12:22:34,42.0,82.5,17,新疆阿克苏地区拜城县
3.0,2024-04-17 09:19:31,41.32,83.52,11,新疆阿克苏地区库车市
3.9,2024-04-17 06:47:19,45.26,124.72,10,吉林松原市宁江区
4.2,2024-04-17 02:59:49,24.1,121.83,18,台湾花莲县海域
3.3,2024-04-16 20:00:21,37.09,85.21,10,新疆巴音郭楞州且末县
3.1,2024-04-15 09:49:22,35.64,119.62,8,山东青岛市黄岛区
3.2,2024-04-14 11:04:23,33.62,81.98,10,西藏阿里地区日土县
4.2,2024-04-13 22:26:35,24.05,121.6,9,台湾花莲县
4.2,2024-04-13 20:38:46,23.6,121.66,8,台湾花莲县海域
2.9,2024-04-13 18:26:45,28.84,105.08,10,四川宜宾市南溪区
5.2,2024-04-13 13:44:41,33.56,81.84,10,西藏阿里地区日土县
4.3,2024-04-13 02:44:36,23.44,120.17,10,台湾嘉义县
4.8,2024-04-12 16:13:41,41.12,78.6,10,新疆克孜勒苏州阿合奇县
3.7,2024-04-12 13:04:55,33.49,81.77,10,西藏阿里地区日土县
3.0,2024-04-12 09:25:16,44.67,93.28,12,新疆哈密市巴里坤县
3.3,2024-04-11 08:42:34,41.98,82.53,18,新疆阿克苏地区拜城县
4.5,2024-04-11 02:53:50,41.99,82.54,13,新疆阿克苏地区拜城县
4.4,2024-04-11 00:55:12,24.14,121.87,12,台湾花莲县海域
5.6,2024-04-10 22:56:17,41.98,82.56,16,新疆阿克苏地区拜城县
4.8,2024-04-10 18:57:39,41.88,82.36,20,新疆阿克苏地区拜城县
4.7,2024-04-09 22:07:01,27.88,100.05,10,云南迪庆州香格里拉市
4.3,2024-04-09 17:22:45,39.55,97.77,11,甘肃张掖市肃南县
3.2,2024-04-09 15:06:40,41.91,82.24,19,新疆阿克苏地区拜城县
3.6,2024-04-09 12:10:24,42.39,83.34,18,新疆阿克苏地区库车市
4.0,2024-04-09 06:14:07,24.01,121.77,21,台湾花莲县海域
4.6,2024-04-09 02:02:35,23.92,121.83,28,台湾花莲县海域
4.5,2024-04-08 13:09:34,24.23,121.93,23,台湾花莲县海域
3.0,2024-04-08 07:20:47,41.94,82.24,20,新疆阿克苏地区拜城县
3.7,2024-04-08 07:16:29,41.91,82.24,17,新疆阿克苏地区拜城县
3.0,2024-04-08 07:15:45,41.92,82.23,20,新疆阿克苏地区拜城县
4.0,2024-04-08 06:49:28,24.24,121.96,25,台湾花莲县海域
5.1,2024-04-08 04:47:59,41.93,82.07,18,新疆阿克苏地区拜城县
3.7,2024-04-07 22:20:59,41.91,82.16,17,新疆阿克苏地区拜城县
4.2,2024-04-07 19:03:09,41.89,82.17,18,新疆阿克苏地区拜城县
3.0,2024-04-07 18:22:16,41.91,82.0,15,新疆阿克苏地区拜城县
4.8,2024-04-07 18:01:19,24.1,122.25,20,台湾花莲县海域
3.1,2024-04-07 17:48:39,41.95,82.33,17,新疆阿克苏地区拜城县
3.4,2024-04-07 17:45:28,41.87,82.36,17,新疆阿克苏地区拜城县
3.0,2024-04-07 16:53:52,41.91,82.01,15,新疆阿克苏地区拜城县
5.4,2024-04-07 16:46:18,41.94,82.14,17,新疆阿克苏地区拜城县
3.8,2024-04-07 16:44:05,41.91,82.1,22,新疆阿克苏地区拜城县
4.1,2024-04-07 05:15:09,23.98,121.8,17,台湾花莲县海域
4.5,2024-04-06 23:53:09,24.15,122.0,23,台湾花莲县海域
4.8,2024-04-06 18:47:11,23.91,121.79,25,台湾花莲县海域
4.5,2024-04-06 11:52:53,24.1,121.97,10,台湾花莲县海域
3.2,2024-04-06 11:12:17,32.23,104.96,18,四川绵阳市江油市
4.9,2024-04-06 10:29:20,27.01,103.44,10,云南昭通市鲁甸县
3.3,2024-04-06 09:48:50,41.24,78.59,12,新疆克孜勒苏州阿合奇县
4.4,2024-04-06 09:37:51,23.7,121.98,13,台湾花莲县海域
4.6,2024-04-06 04:26:26,23.91,121.85,21,台湾花莲县海域
4.0,2024-04-05 17:04:55,24.0,121.8,20,台湾花莲县海域
3.6,2024-04-05 15:03:38,40.83,84.1,13,新疆巴音郭楞州尉犁县
4.5,2024-04-05 14:12:47,23.77,121.61,8,台湾花莲县海域
4.8,2024-04-05 12:50:49,24.08,121.87,22,台湾花莲县海域
4.8,2024-04-05 02:35:00,24.15,121.81,26,台湾花莲县海域
4.6,2024-04-04 22:30:05,24.21,121.9,13,台湾花莲县海域
4.1,2024-04-04 13:00:29,24.2,121.87,23,台湾花莲县海域
3.4,2024-04-04 11:52:37,41.25,78.73,10,新疆阿克苏地区乌什县
4.0,2024-04-04 09:29:09,23.83,121.49,8,台湾花莲县
5.5,2024-04-04 08:39:35,38.39,90.93,10,青海海西州茫崖市
4.0,2024-04-04 06:46:34,23.99,121.75,20,台湾花莲县海域
4.2,2024-04-04 05:56:11,24.19,121.83,17,台湾花莲县海域
4.2,2024-04-04 03:46:52,23.89,121.77,10,台湾花莲县海域
4.8,2024-04-04 02:29:46,23.79,121.91,14,台湾花莲县海域
4.3,2024-04-03 23:42:37,24.19,121.64,10,台湾花莲县
4.4,2024-04-03 23:39:09,24.15,121.77,20,台湾花莲县海域
4.0,2024-04-03 22:49:13,24.12,121.97,19,台湾花莲县海域
4.3,2024-04-03 12:08:09,23.8,121.72,15,台湾花莲县海域
4.5,2024-04-03 11:57:18,23.82,121.61,19,台湾花莲县海域
4.5,2024-04-03 11:45:37,23.78,121.81,15,台湾花莲县海域
4.3,2024-04-03 11:35:22,24.21,121.79,10,台湾花莲县海域
4.4,2024-04-03 11:20:54,24.17,121.76,10,台湾花莲县海域
4.2,2024-04-03 10:38:30,23.9,121.63,10,台湾花莲县海域
5.1,2024-04-03 10:28:18,24.22,121.8,10,台湾花莲县海域
5.6,2024-04-03 10:14:38,24.14,121.76,10,台湾花莲县海域
4.4,2024-04-03 10:13:41,24.22,121.74,10,台湾花莲县海域
4.6,2024-04-03 09:53:58,23.87,121.57,10,台湾花莲县
4.7,2024-04-03 09:49:38,23.74,122.08,12,台湾花莲县海域
5.6,2024-04-03 09:39:35,23.8,121.89,10,台湾花莲县海域
4.3,2024-04-03 09:19:32,23.87,121.62,10,台湾花莲县海域
4.1,2024-04-03 09:17:42,23.98,121.76,11,台湾花莲县海域
5.0,2024-04-03 09:09:27,24.06,121.79,10,台湾花莲县海域
4.2,2024-04-03 09:07:15,23.99,121.74,9,台湾花莲县海域
4.0,2024-04-03 08:54:07,23.78,121.71,27,台湾花莲县海域
4.9,2024-04-03 08:50:46,23.8,121.63,11,台湾花莲县海域
5.5,2024-04-03 08:46:43,24.07,121.81,10,台湾花莲县海域
5.2,2024-04-03 08:43:55,23.94,121.57,10,台湾花莲县
5.9,2024-04-03 08:35:38,24.18,121.53,10,台湾花莲县
6.0,2024-04-03 08:11:27,24.1,121.65,10,台湾花莲县海域
7.3,2024-04-03 07:58:08,23.81,121.74,12,台湾花莲县海域
4.2,2024-04-03 03:26:33,23.38,120.16,8,台湾嘉义县
3.3,2024-04-02 20:06:23,31.72,104.14,18,四川阿坝州茂县
3.0,2024-04-02 12:24:27,31.72,104.13,15,四川阿坝州茂县
3.6,2024-04-01 06:55:06,44.33,82.32,21,新疆博尔塔拉州精河县
3.1,2024-03-31 15:56:34,28.64,95.98,10,西藏林芝市察隅县
3.0,2024-03-31 15:38:27,41.17,83.25,20,新疆阿克苏地区库车市
4.0,2024-03-31 05:52:37,40.82,84.14,15,新疆巴音郭楞州尉犁县
3.2,2024-03-30 19:46:35,40.01,83.17,11,新疆阿克苏地区沙雅县
3.4,2024-03-30 19:39:20,40.04,83.26,16,新疆阿克苏地区沙雅县
3.9,2024-03-30 19:21:52,40.05,83.19,15,新疆阿克苏地区沙雅县
3.2,2024-03-30 19:20:30,40.04,83.29,14,新疆阿克苏地区沙雅县
3.3,2024-03-30 18:38:41,40.05,83.26,15,新疆阿克苏地区沙雅县
4.0,2024-03-30 03:26:13,32.74,88.73,10,西藏那曲市双湖县
3.2,2024-03-28 13:42:23,29.08,95.79,10,西藏林芝市墨脱县
3.0,2024-03-28 08:40:49,32.54,82.78,10,西藏阿里地区革吉县
4.1,2024-03-27 18:36:28,31.69,101.31,15,四川阿坝州壤塘县
3.2,2024-03-27 15:07:21,41.2,83.25,12,新疆阿克苏地区库车市
3.3,2024-03-27 08:20:52,40.83,84.14,15,新疆巴音郭楞州尉犁县
4.5,2024-03-26 02:33:01,36.05,91.55,8,青海玉树州治多县
3.0,2024-03-25 23:18:36,40.84,84.12,14,新疆巴音郭楞州尉犁县
3.0,2024-03-25 23:03:29,40.83,84.14,16,新疆巴音郭楞州尉犁县
3.2,2024-03-25 16:02:22,30.87,97.02,10,西藏昌都市卡若区
3.1,2024-03-25 11:37:10,41.15,83.56,15,新疆阿克苏地区库车市
3.2,2024-03-23 11:45:30,41.13,78.37,10,新疆克孜勒苏州阿合奇县
4.2,2024-03-23 09:41:14,41.11,78.39,10,新疆克孜勒苏州阿合奇县
4.1,2024-03-23 05:03:03,41.16,78.61,10,新疆克孜勒苏州阿合奇县
3.6,2024-03-22 06:24:52,33.6,92.93,9,青海玉树州杂多县
3.1,2024-03-22 05:06:08,41.69,89.02,21,新疆吐鲁番市托克逊县
3.3,2024-03-21 18:57:06,27.97,102.72,15,四川凉山州昭觉县
4.5,2024-03-21 18:49:52,24.06,121.57,20,台湾花莲县
4.2,2024-03-21 00:58:06,33.95,86.47,10,西藏那曲市尼玛县
3.2,2024-03-20 13:08:16,42.98,114.49,15,内蒙古锡林郭勒盟苏尼特左旗
3.1,2024-03-20 11:51:51,28.31,104.97,8,四川宜宾市长宁县
4.2,2024-03-19 19:20:29,23.78,121.85,10,台湾花莲县海域
3.3,2024-03-19 16:18:20,29.58,104.81,13,四川内江市资中县
3.5,2024-03-19 11:03:00,34.55,120.48,10,江苏盐城市滨海县海域
3.6,2024-03-18 09:24:58,33.49,92.99,10,青海玉树州杂多县
4.3,2024-03-18 06:05:52,33.51,92.99,10,青海玉树州杂多县
3.6,2024-03-17 11:50:14,40.79,122.17,10,辽宁营口市大石桥市
3.0,2024-03-17 06:03:00,37.76,101.2,9,青海海北州门源县
3.9,2024-03-16 03:49:09,41.96,83.95,13,新疆阿克苏地区库车市
3.2,2024-03-15 18:33:40,28.32,104.95,10,四川宜宾市长宁县
3.4,2024-03-15 10:47:12,41.04,78.63,10,新疆克孜勒苏州阿合奇县
3.1,2024-03-15 04:13:56,41.32,78.8,10,新疆阿克苏地区乌什县
4.5,2024-03-14 16:36:22,41.89,82.3,17,新疆阿克苏地区拜城县
4.2,2024-03-14 16:27:14,38.53,97.4,9,青海海西州天峻县
3.1,2024-03-14 13:41:46,38.68,91.91,9,青海海西州茫崖市
3.1,2024-03-14 03:19:43,29.08,105.44,9,四川泸州市泸县
3.0,2024-03-14 02:11:50,41.89,82.29,10,新疆阿克苏地区拜城县
3.6,2024-03-13 14:49:17,39.1,74.32,10,新疆克孜勒苏州阿克陶县
3.0,2024-03-11 21:35:10,41.04,78.45,10,新疆克孜勒苏州阿合奇县
3.2,2024-03-10 10:07:06,35.41,81.29,10,新疆和田地区策勒县
3.9,2024-03-09 20:35:41,41.18,78.76,10,新疆阿克苏地区乌什县
3.8,2024-03-09 13:17:45,31.93,92.85,10,西藏那曲市比如县
3.3,2024-03-09 08:28:46,33.51,93.03,10,青海玉树州杂多县
4.2,2024-03-07 18:09:15,33.52,92.99,10,青海玉树州杂多县
5.5,2024-03-07 18:06:30,33.58,93.01,10,青海玉树州杂多县
3.7,2024-03-07 01:37:47,40.01,76.77,18,新疆克孜勒苏州阿图什市
3.3,2024-03-07 01:22:54,41.19,83.41,18,新疆阿克苏地区库车市
3.0,2024-03-06 21:19:21,41.25,78.79,11,新疆阿克苏地区乌什县
4.7,2024-03-06 08:09:59,41.28,78.7,10,新疆阿克苏地区乌什县
5.3,2024-03-05 10:07:31,33.52,93.01,10,青海玉树州杂多县
3.1,2024-03-05 09:29:53,41.31,78.77,12,新疆阿克苏地区乌什县
3.2,2024-03-05 07:44:07,44.03,81.88,18,新疆伊犁州伊宁县
3.1,2024-03-04 21:28:51,40.74,122.83,10,辽宁鞍山市海城市
4.4,2024-03-04 15:54:31,41.19,78.6,10,新疆克孜勒苏州阿合奇县
3.1,2024-03-04 14:45:23,41.0,78.16,13,新疆克孜勒苏州阿合奇县
3.7,2024-03-04 14:32:49,39.05,98.32,10,甘肃张掖市肃南县
3.6,2024-03-04 11:50:32,41.7,81.08,18,新疆阿克苏地区拜城县
3.0,2024-03-04 08:06:18,34.13,85.39,10,西藏阿里地区改则县
3.0,2024-03-03 18:07:05,41.14,78.49,10,新疆克孜勒苏州阿合奇县
3.9,2024-03-03 17:24:28,41.03,78.45,10,新疆克孜勒苏州阿合奇县
4.3,2024-02-29 13:26:28,23.51,120.27,20,台湾嘉义县
3.3,2024-02-29 11:48:03,41.3,78.85,12,新疆阿克苏地区乌什县
3.0,2024-02-28 21:23:30,29.27,102.79,15,四川雅安市汉源县
3.0,2024-02-28 18:21:42,41.22,83.77,10,新疆阿克苏地区库车市
3.0,2024-02-28 18:14:53,41.19,83.8,11,新疆阿克苏地区库车市
3.2,2024-02-28 09:17:43,41.19,78.74,10,新疆阿克苏地区乌什县
3.4,2024-02-27 22:17:59,41.14,78.42,10,新疆克孜勒苏州阿合奇县
3.2,2024-02-27 01:55:58,41.17,78.75,10,新疆阿克苏地区乌什县
3.4,2024-02-27 01:46:02,41.18,78.74,10,新疆阿克苏地区乌什县
3.1,2024-02-26 22:20:26,41.13,78.42,10,新疆克孜勒苏州阿合奇县
3.6,2024-02-26 20:28:41,41.18,78.73,10,新疆阿克苏地区乌什县
3.8,2024-02-26 19:29:30,29.87,88.04,15,西藏日喀则市谢通门县
3.1,2024-02-26 12:02:17,36.63,77.15,90,新疆喀什地区叶城县
3.8,2024-02-26 09:28:50,41.17,78.4,12,新疆克孜勒苏州阿合奇县
4.6,2024-02-25 21:48:34,24.79,122.02,10,台湾宜兰县海域
5.8,2024-02-25 12:14:59,41.15,78.41,11,新疆克孜勒苏州阿合奇县
3.1,2024-02-25 03:44:37,41.12,78.7,10,新疆克孜勒苏州阿合奇县
3.1,2024-02-24 18:50:04,39.02,75.29,34,新疆克孜勒苏州阿克陶县
3.5,2024-02-24 18:13:06,31.99,117.6,15,安徽合肥市肥东县
4.1,2024-02-24 12:37:08,23.6,121.65,19,台湾花莲县海域
5.3,2024-02-24 06:58:55,41.12,78.54,10,新疆克孜勒苏州阿合奇县
4.0,2024-02-23 18:33:07,41.18,78.61,10,新疆克孜勒苏州阿合奇县
4.1,2024-02-23 12:08:35,41.24,78.74,12,新疆阿克苏地区乌什县
3.1,2024-02-22 19:08:36,41.36,78.74,15,新疆阿克苏地区乌什县
3.0,2024-02-22 16:40:09,41.33,78.77,12,新疆阿克苏地区乌什县
3.9,2024-02-22 02:26:44,41.27,78.72,10,新疆阿克苏地区乌什县
3.6,2024-02-21 15:03:57,40.45,77.61,10,新疆克孜勒苏州阿图什市
4.0,2024-02-20 22:18:17,24.01,122.39,11,台湾花莲县海域
4.6,2024-02-20 18:58:10,42.95,94.32,12,新疆新星市
3.2,2024-02-20 17:52:34,39.87,112.37,15,山西朔州市右玉县
4.0,2024-02-19 11:08:15,41.97,83.94,10,新疆阿克苏地区库车市
3.1,2024-02-19 00:49:56,41.12,78.56,12,新疆克孜勒苏州阿合奇县
3.7,2024-02-18 16:59:14,41.38,78.92,10,新疆阿克苏地区乌什县
3.9,2024-02-18 02:59:41,33.86,91.86,9,青海海西州唐古拉地区
3.1,2024-02-17 15:49:34,41.25,78.86,10,新疆阿克苏地区乌什县
4.1,2024-02-16 23:38:28,36.51,77.32,129,新疆喀什地区叶城县
3.1,2024-02-15 20:17:53,41.24,78.81,15,新疆阿克苏地区乌什县
3.2,2024-02-15 14:28:54,41.22,78.76,10,新疆阿克苏地区乌什县
4.4,2024-02-15 14:02:49,24.99,106.99,10,广西河池市天峨县
3.3,2024-02-15 12:32:55,41.03,78.42,10,新疆克孜勒苏州阿合奇县
4.7,2024-02-15 11:52:40,41.3,78.78,10,新疆阿克苏地区乌什县
3.8,2024-02-15 11:41:34,41.06,78.49,15,新疆克孜勒苏州阿合奇县
3.0,2024-02-15 07:57:21,40.83,84.13,16,新疆巴音郭楞州尉犁县
3.0,2024-02-14 15:30:33,41.16,78.74,10,新疆阿克苏地区乌什县
3.0,2024-02-14 04:06:07,41.08,78.48,10,新疆克孜勒苏州阿合奇县
3.9,2024-02-14 03:10:30,39.69,77.63,24,新疆喀什地区伽师县
3.2,2024-02-13 02:10:03,39.34,97.28,10,甘肃酒泉市肃北县
3.7,2024-02-12 23:52:51,41.24,78.73,18,新疆阿克苏地区乌什县
3.3,2024-02-12 12:34:20,41.24,78.44,10,新疆克孜勒苏州阿合奇县
3.1,2024-02-12 04:45:05,35.75,102.78,11,甘肃临夏州积石山县
3.0,2024-02-12 03:42:01,41.25,78.76,10,新疆阿克苏地区乌什县
3.2,2024-02-11 22:30:57,41.11,78.63,11,新疆克孜勒苏州阿合奇县
3.0,2024-02-11 20:22:19,41.18,78.72,14,新疆阿克苏地区乌什县
3.0,2024-02-11 13:24:59,40.06,83.05,25,新疆阿克苏地区沙雅县
4.4,2024-02-11 12:57:11,41.17,78.61,13,新疆克孜勒苏州阿合奇县
3.2,2024-02-11 11:03:35,41.17,78.63,13,新疆克孜勒苏州阿合奇县
3.2,2024-02-09 11:29:57,28.3,104.96,11,四川宜宾市长宁县
3.1,2024-02-09 04:09:29,32.11,104.57,17,四川绵阳市平武县
3.1,2024-02-08 18:19:22,41.03,78.4,10,新疆克孜勒苏州阿合奇县
3.0,2024-02-08 11:17:49,41.1,78.49,11,新疆克孜勒苏州阿合奇县
3.1,2024-02-08 01:28:24,39.14,96.98,9,甘肃酒泉市肃北县
4.0,2024-02-07 16:55:29,41.14,78.38,12,新疆克孜勒苏州阿合奇县
3.2,2024-02-06 00:49:31,32.57,92.51,10,西藏那曲市聂荣县
3.3,2024-02-04 19:36:43,38.58,73.99,106,新疆克孜勒苏州阿克陶县
4.6,2024-02-04 09:18:56,41.13,78.64,12,新疆克孜勒苏州阿合奇县
3.2,2024-02-04 06:15:17,41.13,78.61,12,新疆克孜勒苏州阿合奇县
3.6,2024-02-04 02:44:45,38.41,90.83,11,青海海西州茫崖市
3.6,2024-02-04 02:02:29,41.14,78.61,10,新疆克孜勒苏州阿合奇县
4.6,2024-02-04 00:34:45,41.13,78.61,15,新疆克孜勒苏州阿合奇县
4.7,2024-02-03 21:44:36,41.11,78.61,12,新疆克孜勒苏州阿合奇县
3.7,2024-02-03 21:26:25,41.13,78.58,11,新疆克孜勒苏州阿合奇县
4.2,2024-02-03 16:36:29,41.19,78.51,12,新疆克孜勒苏州阿合奇县
4.1,2024-02-03 12:40:58,36.94,97.12,10,青海海西州都兰县
3.9,2024-02-01 03:21:26,41.31,78.71,16,新疆阿克苏地区乌什县
3.2,2024-01-31 13:13:01,41.29,78.77,15,新疆阿克苏地区乌什县
3.0,2024-01-31 04:48:22,41.09,78.6,10,新疆克孜勒苏州阿合奇县
3.6,2024-01-30 11:52:34,41.09,78.58,14,新疆克孜勒苏州阿合奇县
3.9,2024-01-30 09:44:52,41.32,78.94,10,新疆阿克苏地区乌什县
3.3,2024-01-30 07:30:52,41.13,78.57,10,新疆克孜勒苏州阿合奇县
3.7,2024-01-30 07:17:05,41.14,78.6,10,新疆克孜勒苏州阿合奇县
5.7,2024-01-30 06:27:40,41.15,78.67,10,新疆克孜勒苏州阿合奇县
3.7,2024-01-30 05:03:22,41.2,78.74,10,新疆阿克苏地区乌什县
3.0,2024-01-29 20:09:20,41.17,78.72,10,新疆克孜勒苏州阿合奇县
3.1,2024-01-29 19:38:13,43.19,87.85,10,新疆吐鲁番市托克逊县
3.2,2024-01-29 12:05:20,41.12,78.6,11,新疆克孜勒苏州阿合奇县
4.7,2024-01-29 02:11:22,23.64,121.34,10,台湾花莲县
3.1,2024-01-28 18:07:54,42.17,80.74,10,新疆阿克苏地区拜城县
3.9,2024-01-28 17:52:15,41.16,78.52,13,新疆克孜勒苏州阿合奇县
3.3,2024-01-27 23:06:58,41.33,83.56,12,新疆阿克苏地区库车市
3.0,2024-01-27 19:30:00,41.26,78.79,15,新疆阿克苏地区乌什县
4.7,2024-01-27 17:03:04,41.19,78.65,15,新疆克孜勒苏州阿合奇县
3.4,2024-01-27 13:29:24,42.3,80.33,11,新疆阿克苏地区温宿县
3.6,2024-01-27 08:37:19,41.03,78.46,12,新疆克孜勒苏州阿合奇县
3.3,2024-01-27 00:00:29,41.11,78.55,11,新疆克孜勒苏州阿合奇县
3.2,2024-01-26 20:38:49,25.77,100.07,10,云南大理州大理市
3.9,2024-01-26 20:05:36,41.17,78.79,14,新疆阿克苏地区乌什县
3.2,2024-01-26 19:50:26,35.74,102.78,8,甘肃临夏州积石山县
4.3,2024-01-26 19:40:43,41.14,78.76,12,新疆阿克苏地区乌什县
3.3,2024-01-26 18:36:46,41.17,78.72,11,新疆克孜勒苏州阿合奇县
3.7,2024-01-26 18:16:46,41.18,78.73,10,新疆阿克苏地区乌什县
3.7,2024-01-26 16:17:58,41.13,78.5,12,新疆克孜勒苏州阿合奇县
3.0,2024-01-26 14:54:46,41.21,78.58,10,新疆克孜勒苏州阿合奇县
3.7,2024-01-26 10:26:05,41.26,78.72,10,新疆阿克苏地区乌什县
4.0,2024-01-26 09:55:12,41.12,78.56,13,新疆克孜勒苏州阿合奇县
3.6,2024-01-26 09:14:32,41.13,78.55,14,新疆克孜勒苏州阿合奇县
3.7,2024-01-26 08:17:31,41.13,78.59,13,新疆克孜勒苏州阿合奇县
3.0,2024-01-26 07:46:55,41.18,78.7,13,新疆克孜勒苏州阿合奇县
4.3,2024-01-26 06:38:10,41.02,78.7,11,新疆克孜勒苏州阿合奇县
3.1,2024-01-26 05:12:32,41.11,78.53,10,新疆克孜勒苏州阿合奇县
3.7,2024-01-26 05:11:06,41.11,78.59,13,新疆克孜勒苏州阿合奇县
3.0,2024-01-26 04:21:36,41.34,78.81,11,新疆阿克苏地区乌什县
5.6,2024-01-26 04:01:28,41.29,78.83,18,新疆阿克苏地区乌什县
3.8,2024-01-26 03:21:41,40.52,77.46,20,新疆克孜勒苏州阿图什市
3.1,2024-01-25 21:54:54,41.1,78.41,15,新疆克孜勒苏州阿合奇县
3.3,2024-01-25 17:29:50,41.34,78.92,12,新疆阿克苏地区乌什县
3.2,2024-01-25 16:59:57,41.24,78.73,13,新疆阿克苏地区乌什县
3.0,2024-01-25 16:59:00,41.12,78.58,14,新疆克孜勒苏州阿合奇县
3.3,2024-01-25 16:42:48,41.12,78.55,14,新疆克孜勒苏州阿合奇县
3.7,2024-01-25 16:14:48,41.34,78.91,16,新疆阿克苏地区乌什县
3.3,2024-01-25 13:00:23,41.03,78.67,18,新疆克孜勒苏州阿合奇县
3.8,2024-01-25 12:59:22,41.24,78.76,15,新疆阿克苏地区乌什县
3.2,2024-01-25 12:54:54,41.12,78.59,16,新疆克孜勒苏州阿合奇县
3.0,2024-01-25 12:21:59,41.09,78.58,15,新疆克孜勒苏州阿合奇县
5.2,2024-01-25 06:21:48,41.08,78.55,15,新疆克孜勒苏州阿合奇县
3.1,2024-01-25 05:50:09,41.06,78.57,15,新疆克孜勒苏州阿合奇县
4.1,2024-01-25 04:35:08,41.27,78.78,18,新疆阿克苏地区乌什县
4.3,2024-01-25 04:05:02,41.0,78.47,20,新疆克孜勒苏州阿合奇县
3.4,2024-01-25 03:59:55,41.1,78.59,18,新疆克孜勒苏州阿合奇县
3.2,2024-01-25 03:51:40,41.96,82.44,18,新疆阿克苏地区拜城县
3.4,2024-01-25 03:33:21,41.17,78.59,20,新疆克孜勒苏州阿合奇县
3.7,2024-01-25 02:45:16,41.28,78.82,20,新疆阿克苏地区乌什县
3.0,2024-01-25 01:49:07,41.11,78.61,25,新疆克孜勒苏州阿合奇县
3.0,2024-01-25 00:38:50,41.06,78.58,10,新疆克孜勒苏州阿合奇县
3.0,2024-01-25 00:33:02,41.09,78.59,20,新疆克孜勒苏州阿合奇县
3.2,2024-01-25 00:20:12,41.09,78.58,15,新疆克孜勒苏州阿合奇县
3.6,2024-01-24 23:04:16,41.08,78.53,18,新疆克孜勒苏州阿合奇县
4.0,2024-01-24 23:01:21,41.19,78.61,22,新疆克孜勒苏州阿合奇县
3.1,2024-01-24 23:00:47,41.08,78.43,15,新疆克孜勒苏州阿合奇县
3.0,2024-01-24 20:36:39,41.32,78.76,15,新疆阿克苏地区乌什县
3.4,2024-01-24 17:43:21,41.14,78.52,15,新疆克孜勒苏州阿合奇县
3.1,2024-01-24 17:30:23,41.2,78.67,15,新疆克孜勒苏州阿合奇县
3.3,2024-01-24 16:04:00,41.11,78.57,20,新疆克孜勒苏州阿合奇县
3.0,2024-01-24 15:04:21,41.12,78.57,18,新疆克孜勒苏州阿合奇县
3.0,2024-01-24 14:51:27,41.21,78.71,18,新疆阿克苏地区乌什县
3.3,2024-01-24 14:29:33,41.3,78.7,15,新疆阿克苏地区乌什县
3.0,2024-01-24 12:58:26,41.11,78.6,10,新疆克孜勒苏州阿合奇县
3.2,2024-01-24 11:56:25,41.07,78.59,15,新疆克孜勒苏州阿合奇县
3.6,2024-01-24 10:54:03,41.07,78.59,10,新疆克孜勒苏州阿合奇县
3.4,2024-01-24 10:16:31,41.16,78.6,10,新疆克孜勒苏州阿合奇县
3.2,2024-01-24 09:59:14,41.31,78.78,10,新疆阿克苏地区乌什县
3.9,2024-01-24 09:35:18,41.36,78.73,10,新疆阿克苏地区乌什县
3.0,2024-01-24 08:15:28,41.16,78.57,10,新疆克孜勒苏州阿合奇县
3.0,2024-01-23 19:31:31,41.04,78.51,10,新疆克孜勒苏州阿合奇县
3.6,2024-01-23 19:07:06,41.35,78.79,10,新疆阿克苏地区乌什县
3.3,2024-01-23 18:05:56,41.17,78.59,10,新疆克孜勒苏州阿合奇县
3.3,2024-01-23 17:47:19,41.11,78.59,10,新疆克孜勒苏州阿合奇县
4.0,2024-01-23 17:24:48,41.33,78.79,10,新疆阿克苏地区乌什县
4.0,2024-01-23 17:23:20,41.15,78.53,10,新疆克孜勒苏州阿合奇县
3.6,2024-01-23 17:10:11,41.1,78.6,10,新疆克孜勒苏州阿合奇县
4.6,2024-01-23 17:07:09,41.18,78.57,10,新疆克孜勒苏州阿合奇县
3.1,2024-01-23 16:31:34,41.13,78.6,10,新疆克孜勒苏州阿合奇县
3.1,2024-01-23 15:31:52,41.11,78.6,10,新疆克孜勒苏州阿合奇县
3.6,2024-01-23 15:19:17,41.12,78.52,10,新疆克孜勒苏州阿合奇县
3.2,2024-01-23 15:12:21,41.14,78.53,10,新疆克孜勒苏州阿合奇县
3.3,2024-01-23 15:06:36,41.15,78.5,10,新疆克孜勒苏州阿合奇县
3.0,2024-01-23 14:45:24,41.34,78.71,10,新疆阿克苏地区乌什县
3.4,2024-01-23 14:41:09,41.11,78.62,10,新疆克孜勒苏州阿合奇县
3.1,2024-01-23 13:33:00,41.2,78.63,10,新疆克孜勒苏州阿合奇县
3.1,2024-01-23 12:58:03,41.36,78.75,10,新疆阿克苏地区乌什县
3.2,2024-01-23 12:56:44,41.12,78.6,10,新疆克孜勒苏州阿合奇县
3.5,2024-01-23 12:30:59,41.07,78.69,10,新疆克孜勒苏州阿合奇县
4.0,2024-01-23 12:25:47,41.11,78.6,10,新疆克孜勒苏州阿合奇县
3.0,2024-01-23 12:21:22,41.22,78.7,10,新疆阿克苏地区乌什县
3.4,2024-01-23 12:13:31,41.13,78.51,10,新疆克孜勒苏州阿合奇县
4.7,2024-01-23 12:01:22,41.31,78.82,10,新疆阿克苏地区乌什县
3.9,2024-01-23 11:52:21,41.32,78.79,20,新疆阿克苏地区乌什县
3.0,2024-01-23 11:15:56,41.28,78.68,10,新疆阿克苏地区乌什县
3.7,2024-01-23 06:20:04,41.02,78.66,16,新疆克孜勒苏州阿合奇县
3.2,2024-01-23 06:08:59,41.32,78.69,18,新疆阿克苏地区乌什县
3.0,2024-01-23 06:00:39,41.13,78.53,11,新疆克孜勒苏州阿合奇县
3.3,2024-01-23 05:50:47,41.21,78.85,15,新疆阿克苏地区乌什县
3.6,2024-01-23 05:49:14,41.19,78.55,11,新疆克孜勒苏州阿合奇县
4.7,2024-01-23 05:43:03,41.18,78.61,13,新疆克孜勒苏州阿合奇县
3.0,2024-01-23 05:40:53,41.17,78.58,10,新疆克孜勒苏州阿合奇县
3.7,2024-01-23 05:38:36,41.27,78.81,12,新疆阿克苏地区乌什县
3.0,2024-01-23 05:25:42,41.1,78.62,20,新疆克孜勒苏州阿合奇县
3.0,2024-01-23 05:21:03,41.14,78.52,20,新疆克孜勒苏州阿合奇县
4.1,2024-01-23 05:16:44,41.14,78.56,20,新疆克孜勒苏州阿合奇县
3.0,2024-01-23 05:04:18,41.16,78.62,20,新疆克孜勒苏州阿合奇县
4.5,2024-01-23 04:57:12,41.2,78.81,20,新疆阿克苏地区乌什县
3.3,2024-01-23 04:48:33,41.16,78.57,20,新疆克孜勒苏州阿合奇县
3.1,2024-01-23 04:43:36,41.12,78.62,20,新疆克孜勒苏州阿合奇县
4.6,2024-01-23 04:29:29,41.13,78.64,20,新疆克孜勒苏州阿合奇县
3.1,2024-01-23 04:25:16,41.21,78.56,20,新疆克孜勒苏州阿合奇县
3.1,2024-01-23 04:18:57,41.12,78.61,20,新疆克孜勒苏州阿合奇县
3.2,2024-01-23 04:08:47,41.15,78.57,20,新疆克孜勒苏州阿合奇县
3.0,2024-01-23 03:59:53,41.15,78.56,20,新疆克孜勒苏州阿合奇县
3.0,2024-01-23 03:59:33,39.85,112.71,8,山西大同市左云县
3.2,2024-01-23 03:40:35,41.16,78.54,20,新疆克孜勒苏州阿合奇县
5.3,2024-01-23 03:36:46,41.11,78.66,20,新疆克孜勒苏州阿合奇县
3.1,2024-01-23 03:30:34,41.21,78.83,20,新疆阿克苏地区乌什县
3.2,2024-01-23 03:21:10,41.14,78.52,13,新疆克孜勒苏州阿合奇县
3.4,2024-01-23 03:20:18,41.29,78.69,14,新疆阿克苏地区乌什县
3.2,2024-01-23 03:17:13,41.28,78.94,20,新疆阿克苏地区乌什县
3.8,2024-01-23 03:14:02,40.95,78.79,20,新疆克孜勒苏州阿合奇县
4.6,2024-01-23 02:50:43,41.33,78.68,17,新疆阿克苏地区乌什县
5.2,2024-01-23 02:42:33,41.33,78.7,14,新疆阿克苏地区乌什县
4.5,2024-01-23 02:32:40,41.07,78.43,23,新疆克孜勒苏州阿合奇县
3.8,2024-01-23 02:17:06,41.24,78.46,20,新疆克孜勒苏州阿合奇县
3.3,2024-01-23 02:16:28,41.15,78.59,20,新疆克孜勒苏州阿合奇县
4.5,2024-01-23 02:14:16,41.27,78.61,20,新疆阿克苏地区乌什县
7.1,2024-01-23 02:09:05,41.26,78.63,22,新疆阿克苏地区乌什县
3.2,2024-01-22 22:23:56,39.34,97.33,10,甘肃酒泉市肃北县
3.0,2024-01-22 17:00:56,38.35,75.41,137,新疆克孜勒苏州阿克陶县
4.8,2024-01-22 12:33:18,41.97,81.11,16,新疆阿克苏地区拜城县
3.7,2024-01-20 01:41:41,28.14,105.09,9,四川宜宾市兴文县
3.6,2024-01-20 01:25:27,38.31,89.64,10,新疆巴音郭楞州若羌县
3.0,2024-01-19 13:02:13,28.93,103.14,16,四川乐山市峨边县
3.0,2024-01-19 06:24:02,28.92,103.12,12,四川乐山市峨边县
3.3,2024-01-18 01:55:59,40.2,77.39,15,新疆克孜勒苏州阿图什市
3.0,2024-01-17 16:45:18,32.75,120.19,9,江苏盐城市东台市
3.3,2024-01-16 16:45:17,29.94,92.4,10,西藏林芝市工布江达县
3.2,2024-01-16 10:06:23,28.81,105.08,8,四川宜宾市江安县
3.0,2024-01-15 21:05:36,40.1,75.34,10,新疆克孜勒苏州乌恰县
3.1,2024-01-13 13:25:05,35.75,102.78,8,甘肃临夏州积石山县
3.4,2024-01-12 09:29:11,41.3,83.69,10,新疆阿克苏地区库车市
3.3,2024-01-12 00:55:55,38.26,76.76,10,新疆喀什地区莎车县
3.1,2024-01-10 22:46:58,35.77,102.77,10,甘肃临夏州积石山县
3.2,2024-01-10 02:46:29,38.0,83.78,17,新疆和田地区民丰县
3.2,2024-01-10 01:26:12,38.0,83.8,20,新疆和田地区民丰县
3.1,2024-01-09 02:36:33,40.84,84.13,14,新疆巴音郭楞州尉犁县
3.3,2024-01-09 02:08:52,43.92,84.67,23,新疆塔城地区乌苏市
4.1,2024-01-09 02:07:47,43.89,84.72,22,新疆塔城地区乌苏市
3.2,2024-01-09 00:21:58,27.55,100.91,11,四川凉山州盐源县
3.8,2024-01-08 03:48:13,39.4,97.3,12,甘肃酒泉市肃北县
3.7,2024-01-05 01:37:20,41.16,83.72,15,新疆阿克苏地区库车市
4.2,2024-01-04 22:29:20,21.05,109.24,9,广西北海市银海区海域
2.4,2024-01-04 02:49:32,41.18,114.47,10,河北张家口市张北县
3.5,2024-01-03 18:08:25,24.76,117.49,13,福建漳州市华安县
2.9,2024-01-01 07:04:18,31.67,104.12,16,四川绵阳市安州区
4.9,2023-12-31 22:27:38,36.74,105.0,10,甘肃白银市平川区
3.2,2023-12-31 14:07:04,29.4,104.46,8,四川自贡市荣县
3.0,2023-12-30 10:15:56,36.55,122.34,12,山东威海市荣成市海域
3.1,2023-12-30 02:44:33,39.41,78.11,15,新疆喀什地区巴楚县
3.2,2023-12-28 19:51:48,24.8,99.2,10,云南保山市施甸县
3.0,2023-12-28 05:15:50,43.09,94.21,10,新疆哈密市伊州区
3.1,2023-12-27 04:22:45,32.3,105.01,10,四川广元市青川县
3.3,2023-12-27 00:08:16,35.73,102.82,10,甘肃临夏州积石山县
3.3,2023-12-26 18:11:21,40.19,76.09,20,新疆克孜勒苏州阿图什市
3.1,2023-12-25 14:48:03,40.9,83.96,10,新疆阿克苏地区库车市
3.0,2023-12-25 04:23:03,38.66,102.1,13,甘肃金昌市金川区
3.1,2023-12-24 22:28:44,40.01,77.96,17,新疆克孜勒苏州阿图什市
3.3,2023-12-24 19:51:41,38.43,75.39,142,新疆克孜勒苏州阿克陶县
2.8,2023-12-24 16:39:37,39.84,118.73,11,河北唐山市滦州市
3.3,2023-12-23 18:37:48,40.83,82.66,25,新疆阿克苏地区沙雅县
3.4,2023-12-23 10:31:01,44.8,89.28,14,新疆昌吉州吉木萨尔县
3.1,2023-12-22 22:16:26,41.34,84.49,10,新疆巴音郭楞州轮台县
3.0,2023-12-22 14:43:13,35.73,102.81,8,甘肃临夏州积石山县
3.1,2023-12-21 12:26:04,41.16,83.75,12,新疆阿克苏地区库车市
4.1,2023-12-21 04:02:14,35.77,102.8,8,甘肃临夏州积石山县
3.4,2023-12-20 00:32:52,35.76,102.78,9,甘肃临夏州积石山县
3.1,2023-12-19 21:49:48,28.34,104.94,8,四川宜宾市长宁县
5.5,2023-12-19 09:46:21,40.02,77.86,10,新疆克孜勒苏州阿图什市
3.2,2023-12-19 02:10:06,35.83,102.76,10,甘肃临夏州积石山县
3.2,2023-12-19 01:20:12,35.8,102.77,10,甘肃临夏州积石山县
3.2,2023-12-19 01:10:31,35.8,102.78,10,甘肃临夏州积石山县
4.1,2023-12-19 00:59:39,35.83,102.78,10,甘肃临夏州积石山县
3.1,2023-12-19 00:59:11,35.74,102.77,10,甘肃临夏州积石山县
3.4,2023-12-19 00:56:51,35.8,102.79,10,甘肃临夏州积石山县
3.4,2023-12-19 00:43:12,35.78,102.77,10,甘肃临夏州积石山县
4.0,2023-12-19 00:36:18,35.78,102.78,10,甘肃临夏州积石山县
3.9,2023-12-19 00:24:49,35.73,102.78,10,甘肃临夏州积石山县
6.2,2023-12-18 23:59:30,35.7,102.79,10,甘肃临夏州积石山县
3.1,2023-12-17 12:17:19,37.01,76.23,80,新疆喀什地区叶城县
3.0,2023-12-16 06:39:39,39.24,77.41,10,新疆喀什地区巴楚县
3.6,2023-12-15 09:01:17,40.84,84.13,17,新疆巴音郭楞州尉犁县
2.3,2023-12-15 08:03:38,39.46,118.04,11,河北唐山市丰南区
3.8,2023-12-14 10:38:59,29.28,105.49,8,四川泸州市泸县
3.0,2023-12-14 05:21:10,39.98,118.04,9,河北唐山市遵化市
3.3,2023-12-13 23:33:33,33.19,88.37,10,西藏那曲市双湖县
3.1,2023-12-13 08:05:15,36.78,77.13,80,新疆喀什地区叶城县
3.0,2023-12-12 23:41:21,38.43,76.05,22,新疆克孜勒苏州阿克陶县
3.0,2023-12-12 03:59:42,39.78,74.52,10,新疆克孜勒苏州乌恰县
4.4,2023-12-09 14:19:25,24.43,122.72,40,台湾宜兰县海域
3.0,2023-12-08 09:47:40,37.64,77.78,22,新疆和田地区皮山县
3.8,2023-12-07 23:01:45,34.9,119.86,8,江苏连云港市赣榆区海域
3.3,2023-12-06 20:06:56,40.34,111.99,16,内蒙古呼和浩特市和林格尔县
3.0,2023-12-06 00:16:38,44.24,83.81,10,新疆塔城地区乌苏市
3.6,2023-12-05 08:48:23,38.33,75.36,136,新疆克孜勒苏州阿克陶县
3.0,2023-12-03 15:14:51,24.26,98.1,10,云南德宏州芒市
4.0,2023-12-02 02:24:56,24.26,98.08,10,云南德宏州芒市
3.6,2023-12-02 02:16:23,24.25,98.07,10,云南德宏州芒市
3.0,2023-12-02 01:44:39,24.25,98.07,10,云南德宏州芒市
5.0,2023-12-02 01:36:33,24.26,98.08,10,云南德宏州芒市
3.0,2023-12-01 23:51:59,39.27,97.3,11,甘肃酒泉市肃北县
3.2,2023-12-01 23:04:50,39.33,97.29,10,甘肃酒泉市肃北县
5.0,2023-12-01 22:55:56,39.3,97.27,9,甘肃酒泉市肃北县
3.3,2023-12-01 09:25:11,27.16,104.16,8,贵州毕节市威宁县
3.8,2023-12-01 04:36:26,28.43,104.76,8,四川宜宾市珙县
3.2,2023-11-30 20:17:11,40.17,106.08,15,内蒙古阿拉善盟阿拉善左旗
4.1,2023-11-30 19:25:40,40.2,106.13,21,内蒙古阿拉善盟阿拉善左旗
3.7,2023-11-30 03:44:10,37.53,112.47,28,山西太原市清徐县
3.0,2023-11-29 20:40:42,36.42,76.07,10,新疆喀什地区塔什库尔干县
3.0,2023-11-28 07:38:47,41.19,83.7,10,新疆阿克苏地区库车市
3.4,2023-11-28 07:30:13,25.46,105.75,10,贵州黔西南州贞丰县
3.7,2023-11-28 06:15:47,28.6,87.82,10,西藏日喀则市萨迦县
3.0,2023-11-27 22:46:46,24.67,102.94,10,云南玉溪市澄江市
3.0,2023-11-26 23:33:59,30.27,96.96,10,西藏昌都市八宿县
4.8,2023-11-26 12:31:09,24.0,122.5,18,台湾花莲县海域
4.2,2023-11-26 12:11:43,23.99,122.46,17,台湾花莲县海域
3.1,2023-11-26 05:02:24,41.0,82.86,20,新疆阿克苏地区沙雅县
3.9,2023-11-25 20:06:53,43.11,94.24,10,新疆哈密市伊州区
4.0,2023-11-24 13:33:11,38.01,106.26,13,宁夏银川市灵武市
4.0,2023-11-23 00:13:13,39.51,77.23,17,新疆喀什地区伽师县
3.3,2023-11-21 03:26:39,36.53,83.81,10,新疆和田地区民丰县
3.3,2023-11-18 17:48:35,36.55,106.31,15,宁夏中卫市海原县
3.4,2023-11-18 05:24:02,46.81,86.13,30,新疆塔城地区和布克赛尔县
3.6,2023-11-16 11:33:04,37.34,78.27,18,新疆和田地区皮山县
3.6,2023-11-16 01:27:56,41.95,82.61,10,新疆阿克苏地区拜城县
4.0,2023-11-15 22:17:32,44.71,80.49,10,新疆伊犁州霍尔果斯市
3.4,2023-11-14 05:38:48,40.68,77.95,10,新疆克孜勒苏州阿合奇县
3.6,2023-11-13 08:56:31,26.98,102.79,15,四川凉山州宁南县
3.0,2023-11-12 05:21:10,41.97,82.58,10,新疆阿克苏地区拜城县
4.7,2023-11-11 00:54:38,23.42,121.7,30,台湾台东县海域
3.3,2023-11-08 23:34:35,40.48,77.74,10,新疆克孜勒苏州阿合奇县
3.1,2023-11-08 19:13:59,40.51,77.66,10,新疆克孜勒苏州阿图什市
3.1,2023-11-08 07:25:37,33.71,89.36,8,西藏那曲市双湖县
3.2,2023-11-08 03:46:14,40.51,77.69,10,新疆克孜勒苏州阿图什市
3.3,2023-11-08 03:34:17,40.53,77.69,10,新疆克孜勒苏州阿图什市
4.3,2023-11-08 02:52:00,40.54,77.68,12,新疆克孜勒苏州阿图什市
3.6,2023-11-08 02:31:32,40.55,77.74,11,新疆克孜勒苏州阿合奇县
4.3,2023-11-08 02:15:03,40.55,77.64,11,新疆克孜勒苏州阿图什市
5.4,2023-11-08 02:09:48,40.47,77.72,10,新疆克孜勒苏州阿图什市
3.0,2023-11-07 10:07:01,42.07,85.62,10,新疆巴音郭楞州库尔勒市
3.1,2023-11-06 13:42:49,38.89,75.23,10,新疆克孜勒苏州阿克陶县
3.1,2023-11-05 12:59:54,39.36,97.29,14,甘肃酒泉市肃北县
4.3,2023-11-04 19:24:11,22.08,112.25,8,广东江门市恩平市
3.7,2023-10-31 19:13:53,40.66,83.75,36,新疆阿克苏地区沙雅县
2.6,2023-10-31 10:01:58,39.48,116.75,10,河北廊坊市安次区
4.1,2023-10-31 08:40:03,36.48,83.73,10,新疆和田地区民丰县
3.9,2023-10-31 06:24:08,36.56,83.74,10,新疆和田地区民丰县
3.6,2023-10-31 02:12:38,41.14,83.31,22,新疆阿克苏地区库车市
3.8,2023-10-30 20:30:05,40.87,84.12,16,新疆巴音郭楞州尉犁县
3.0,2023-10-30 16:56:46,41.13,83.28,20,新疆阿克苏地区沙雅县
3.1,2023-10-30 07:00:34,41.09,83.58,10,新疆阿克苏地区沙雅县
3.2,2023-10-30 06:39:14,41.08,83.59,10,新疆阿克苏地区沙雅县
3.1,2023-10-30 04:53:45,39.63,82.79,25,新疆阿克苏地区沙雅县
3.2,2023-10-29 20:58:47,36.53,83.81,10,新疆和田地区民丰县
3.0,2023-10-29 01:34:46,42.3,87.14,20,新疆巴音郭楞州和硕县
3.2,2023-10-29 00:26:24,41.02,83.43,16,新疆阿克苏地区沙雅县
3.0,2023-10-28 05:30:01,44.64,93.04,10,新疆哈密市巴里坤县
3.9,2023-10-28 01:10:54,36.52,83.78,10,新疆和田地区民丰县
3.2,2023-10-28 00:16:38,31.5,88.26,10,西藏那曲市申扎县
2.9,2023-10-27 13:03:04,39.48,97.31,10,甘肃酒泉市肃北县
3.7,2023-10-27 12:38:02,36.51,83.8,10,新疆和田地区民丰县
3.3,2023-10-27 02:34:17,37.74,101.43,8,青海海北州门源县
3.0,2023-10-26 04:18:30,36.51,83.78,10,新疆和田地区民丰县
4.1,2023-10-26 02:35:36,36.53,83.77,10,新疆和田地区民丰县
3.7,2023-10-26 02:03:34,39.3,97.27,11,甘肃酒泉市肃北县
3.0,2023-10-26 00:38:21,36.49,83.77,10,新疆和田地区民丰县
3.1,2023-10-26 00:35:18,36.51,83.79,10,新疆和田地区民丰县
3.0,2023-10-25 23:55:28,36.53,83.77,10,新疆和田地区民丰县
4.0,2023-10-25 23:52:13,36.51,83.78,10,新疆和田地区民丰县
3.1,2023-10-25 23:50:12,36.51,83.79,10,新疆和田地区民丰县
3.3,2023-10-25 19:34:14,36.51,83.77,10,新疆和田地区民丰县
4.0,2023-10-25 12:48:49,43.15,127.89,10,吉林延边州敦化市
3.1,2023-10-25 03:33:56,39.31,97.28,10,甘肃酒泉市肃北县
3.6,2023-10-25 02:02:44,33.71,87.62,10,西藏那曲市双湖县
3.1,2023-10-25 01:00:06,36.51,83.78,10,新疆和田地区民丰县
5.5,2023-10-24 19:32:13,39.43,97.28,10,甘肃酒泉市肃北县
3.3,2023-10-24 11:50:35,41.25,83.82,10,新疆阿克苏地区库车市
4.4,2023-10-24 10:54:24,24.03,122.61,10,台湾花莲县海域
5.9,2023-10-24 07:05:20,23.96,122.83,10,台湾花莲县海域
3.2,2023-10-24 06:47:22,31.37,86.61,10,西藏那曲市尼玛县
4.0,2023-10-23 21:19:20,22.94,121.42,25,台湾台东县海域
4.4,2023-10-23 16:43:36,31.51,88.26,8,西藏那曲市申扎县
4.7,2023-10-23 14:10:39,33.57,91.3,10,青海海西州唐古拉地区
3.2,2023-10-23 12:04:48,39.39,97.32,8,甘肃酒泉市肃北县
5.0,2023-10-23 03:20:22,23.32,117.39,10,广东汕头市南澳县海域
4.7,2023-10-22 23:14:12,39.38,97.33,10,甘肃酒泉市肃北县
3.0,2023-10-21 17:08:23,34.67,103.85,10,甘肃甘南州临潭县
3.0,2023-10-21 04:50:27,36.51,83.75,10,新疆和田地区民丰县
3.3,2023-10-21 03:52:43,36.47,83.79,20,新疆和田地区民丰县
3.1,2023-10-20 17:56:34,39.64,82.82,25,新疆阿克苏地区沙雅县
3.0,2023-10-20 09:12:54,36.53,83.77,11,新疆和田地区民丰县
3.1,2023-10-20 08:52:51,36.52,83.78,10,新疆和田地区民丰县
3.1,2023-10-20 05:04:42,24.19,99.28,14,云南临沧市永德县
3.7,2023-10-19 17:59:12,41.31,83.78,12,新疆阿克苏地区库车市
3.1,2023-10-18 22:49:59,36.04,77.8,10,新疆和田地区皮山县
3.0,2023-10-18 10:07:55,21.74,111.86,10,广东阳江市江城区
3.0,2023-10-17 16:01:59,41.27,83.45,10,新疆阿克苏地区库车市
3.4,2023-10-17 02:40:36,31.25,100.83,14,四川甘孜州炉霍县
3.0,2023-10-16 15:30:04,29.61,101.98,12,四川甘孜州泸定县
2.8,2023-10-16 11:07:15,21.74,111.77,13,广东阳江市阳西县
3.2,2023-10-15 18:50:33,34.68,89.8,9,青海海西州唐古拉地区
3.4,2023-10-15 05:53:05,31.72,79.32,10,西藏阿里地区札达县
3.3,2023-10-15 02:22:16,35.52,89.6,9,西藏那曲市安多县
4.2,2023-10-14 22:04:05,23.92,122.36,19,台湾花莲县海域
4.9,2023-10-14 15:53:30,24.03,122.31,20,台湾花莲县海域
2.3,2023-10-13 08:37:05,39.05,119.61,8,河北唐山市乐亭县海域
3.0,2023-10-12 22:02:43,41.28,83.28,10,新疆阿克苏地区库车市
5.4,2023-10-11 18:36:56,23.24,121.32,14,台湾花莲县
3.3,2023-10-11 08:15:23,41.3,83.78,10,新疆阿克苏地区库车市
3.6,2023-10-09 03:46:32,30.83,86.36,25,西藏那曲市尼玛县
4.5,2023-10-09 00:17:48,41.89,82.26,10,新疆阿克苏地区拜城县
3.0,2023-10-08 21:37:02,31.72,79.33,10,西藏阿里地区札达县
3.0,2023-10-08 12:33:42,39.22,78.85,26,新疆喀什地区巴楚县
3.2,2023-10-08 00:15:59,41.86,82.25,15,新疆阿克苏地区拜城县
3.3,2023-10-07 21:21:37,31.91,116.23,15,安徽六安市裕安区
4.3,2023-10-07 14:04:08,41.89,82.24,25,新疆阿克苏地区拜城县
4.3,2023-10-07 13:09:31,41.86,82.21,21,新疆阿克苏地区拜城县
3.1,2023-10-05 23:29:01,37.58,75.46,92,新疆喀什地区塔什库尔干县
3.2,2023-10-05 01:52:36,40.19,83.12,24,新疆阿克苏地区沙雅县
2.8,2024-09-29 11:49:27,38.05,115.92,10,河北衡水市武强县
