zhenji,time,weidu,jingdu,shendu,place
3,2024/9/28 1:52,34,86,10,西藏那曲市尼玛县
4,2024/9/26 23:02,41,84,18,新疆巴音郭楞州尉犁县
4,2024/9/26 6:41,41,84,18,新疆巴音郭楞州尉犁县
3,2024/9/26 2:26,41,83,18,新疆阿克苏地区库车市
4,2024/9/25 19:53,42,89,21,新疆吐鲁番市托克逊县
4,2024/9/25 19:29,32,118,12,安徽合肥市肥东县
3,2024/9/25 18:15,38,106,10,宁夏银川市金凤区
3,2024/9/24 12:36,30,104,8,四川乐山市井研县
3,2024/9/24 11:18,41,84,15,新疆巴音郭楞州尉犁县
4,2024/9/23 23:37,23,100,10,云南临沧市双江县
3,2024/9/23 21:52,41,84,10,新疆巴音郭楞州尉犁县
4,2024/9/23 19:20,41,84,15,新疆阿克苏地区库车市
4,2024/9/23 12:30,41,84,20,新疆巴音郭楞州尉犁县
4,2024/9/22 0:58,32,88,10,西藏那曲市申扎县
4,2024/9/28 7:29,41,84,15,新疆阿克苏地区库车市
3,2024/9/28 1:52,34,86,10,西藏那曲市尼玛县
4,2024/9/26 23:02,41,84,18,新疆巴音郭楞州尉犁县
4,2024/9/26 6:41,41,84,18,新疆巴音郭楞州尉犁县
3,2024/9/26 2:26,41,83,18,新疆阿克苏地区库车市
4,2024/9/25 19:53,42,89,21,新疆吐鲁番市托克逊县
4,2024/9/25 19:29,32,118,12,安徽合肥市肥东县
3,2024/9/25 18:15,38,106,10,宁夏银川市金凤区
3,2024/9/24 12:36,30,104,8,四川乐山市井研县
3,2024/9/24 11:18,41,84,15,新疆巴音郭楞州尉犁县
4,2024/9/23 23:37,23,100,10,云南临沧市双江县
3,2024/9/23 21:52,41,84,10,新疆巴音郭楞州尉犁县
4,2024/9/23 19:20,41,84,15,新疆阿克苏地区库车市
4,2024/9/23 12:30,41,84,20,新疆巴音郭楞州尉犁县
4,2024/9/22 0:58,32,88,10,西藏那曲市申扎县
5,2024/9/21 18:51,24,122,20,台湾花莲县
4,2024/9/18 23:09,24,122,10,台湾花莲县海域
5,2024/9/18 20:08,32,118,12,安徽合肥市肥东县
3,2024/9/18 7:52,44,85,15,新疆塔城地区沙湾市
5,2024/9/17 16:33,44,88,32,新疆乌鲁木齐市达坂城区
5,2024/9/15 16:17,41,84,14,新疆巴音郭楞州尉犁县
4,2024/9/14 9:16,28,105,10,四川宜宾市珙县
4,2024/9/14 5:12,32,118,10,安徽合肥市肥东县
5,2024/9/14 2:29,31,87,14,西藏那曲市尼玛县
3,2024/9/14 1:32,41,79,15,新疆克孜勒苏州阿合奇县
4,2024/9/13 20:27,34,85,26,西藏阿里地区改则县
4,2024/9/13 18:01,34,82,10,西藏阿里地区日土县
3,2024/9/13 14:30,41,84,20,新疆巴音郭楞州尉犁县
4,2024/9/13 6:04,32,85,10,西藏那曲市尼玛县
3,2024/9/13 3:38,23,101,10,云南普洱市宁洱县
3,2024/9/13 2:19,41,84,10,新疆阿克苏地区库车市
4,2024/9/11 21:26,39,122,10,辽宁大连市普兰店区
3,2024/9/9 11:05,41,83,18,新疆阿克苏地区库车市
5,2024/9/7 13:16,24,122,20,台湾花莲县海域
4,2024/9/6 18:21,35,84,10,西藏阿里地区改则县
3,2024/9/6 2:22,35,114,15,河南新乡市辉县市
2,2024/9/4 12:44,40,119,15,河北唐山市滦州市
4,2024/9/4 4:34,35,84,10,西藏阿里地区改则县
4,2024/9/3 23:46,41,78,10,新疆克孜勒苏州阿合奇县
5,2024/9/2 16:26,24,122,20,台湾花莲县海域
4,2024/9/2 7:16,40,83,34,新疆阿克苏地区沙雅县
3,2024/9/2 5:21,43,85,15,新疆巴音郭楞州和静县
3,2024/9/1 14:53,30,101,15,四川甘孜州雅江县
2,2024/9/1 6:11,40,118,9,河北唐山市开平区
4,2024/9/1 4:57,41,110,15,内蒙古包头市昆都仑区
4,2024/9/1 2:21,24,122,10,台湾花莲县海域
3,2024/8/31 18:40,28,105,10,四川宜宾市兴文县
3,2024/8/31 2:00,40,119,14,河北唐山市滦州市
2,2024/8/30 12:25,37,102,9,青海海东市平安区(有感）
3,2024/8/30 4:48,37,87,20,新疆巴音郭楞州且末县
3,2024/8/30 2:37,42,81,10,新疆阿克苏地区温宿县
3,2024/8/29 23:31,41,84,15,新疆巴音郭楞州轮台县
4,2024/8/29 4:14,24,122,25,台湾花莲县海域
4,2024/8/28 5:15,24,101,10,云南普洱市景谷县
3,2024/8/27 3:44,41,84,14,新疆阿克苏地区库车市
3,2024/8/26 9:09,41,83,20,新疆阿克苏地区库车市
3,2024/8/25 15:18,25,99,10,云南保山市隆阳区
3,2024/8/25 15:02,41,84,16,新疆阿克苏地区库车市
3,2024/8/25 14:58,41,84,12,新疆阿克苏地区库车市
3,2024/8/23 15:41,41,84,19,新疆巴音郭楞州尉犁县
3,2024/8/23 11:01,43,86,15,新疆巴音郭楞州和静县
3,2024/8/22 13:13,41,84,20,新疆阿克苏地区库车市
3,2024/8/22 9:37,41,84,20,新疆阿克苏地区库车市
3,2024/8/22 9:11,41,84,18,新疆阿克苏地区库车市
5,2024/8/22 7:38,41,84,15,新疆阿克苏地区库车市
4,2024/8/22 5:14,41,79,10,新疆阿克苏地区乌什县
5,2024/8/20 23:04,23,101,10,云南普洱市思茅区
3,2024/8/18 21:07,34,121,17,江苏盐城市大丰区海域
3,2024/8/18 18:21,41,79,15,新疆阿克苏地区乌什县
3,2024/8/18 12:17,33,120,8,江苏泰州市兴化市
4,2024/8/17 21:10,24,122,10,台湾宜兰县海域
4,2024/8/17 6:19,24,122,18,台湾花莲县
3,2024/8/17 4:24,41,84,17,新疆巴音郭楞州尉犁县
6,2024/8/16 7:35,24,122,16,台湾花莲县海域
3,2024/8/16 5:40,33,85,10,西藏阿里地区改则县
4,2024/8/15 17:33,24,122,9,台湾宜兰县
5,2024/8/15 17:06,24,122,20,台湾宜兰县
3,2024/8/15 11:51,41,84,15,新疆阿克苏地区库车市
3,2024/8/15 7:38,28,104,11,云南昭通市永善县
3,2024/8/14 22:42,27,100,9,云南丽江市古城区
4,2024/8/14 9:36,41,84,20,新疆巴音郭楞州尉犁县
4,2024/8/14 9:34,41,84,21,新疆巴音郭楞州尉犁县
3,2024/8/14 1:45,43,85,15,新疆巴音郭楞州和静县
4,2024/8/13 20:08,28,101,19,四川凉山州木里县
4,2024/8/10 23:16,41,84,10,新疆阿克苏地区库车市
4,2024/8/9 4:06,44,86,20,新疆昌吉州呼图壁县
3,2024/8/8 21:32,25,102,10,云南楚雄州牟定县
4,2024/8/8 15:13,39,74,10,新疆克孜勒苏州阿克陶县
3,2024/8/7 10:44,30,102,9,四川甘孜州泸定县
3,2024/8/6 9:32,40,77,10,新疆克孜勒苏州阿图什市
3,2024/8/6 5:59,38,75,152,新疆克孜勒苏州阿克陶县
3,2024/8/5 22:24,39,92,9,青海海西州茫崖市
3,2024/8/5 3:09,32,101,10,四川阿坝州壤塘县
3,2024/8/4 0:28,30,87,10,西藏日喀则市昂仁县
3,2024/8/3 5:25,41,84,18,新疆巴音郭楞州尉犁县
4,2024/8/3 5:19,41,84,21,新疆巴音郭楞州尉犁县
3,2024/8/3 5:16,41,84,20,新疆巴音郭楞州尉犁县
3,2024/8/2 17:53,27,101,10,云南丽江市宁蒗县
3,2024/8/2 6:14,39,92,11,青海海西州茫崖市
3,2024/8/2 0:18,29,106,8,四川泸州市泸县
3,2024/8/1 11:18,28,105,10,四川宜宾市兴文县
2,2024/8/1 9:09,36,114,15,河北邯郸市磁县
3,2024/8/1 7:20,28,101,8,四川凉山州木里县
3,2024/7/31 8:39,28,101,11,四川凉山州木里县
3,2024/7/30 17:27,27,101,10,云南丽江市宁蒗县
4,2024/7/30 16:24,38,94,9,青海海西州茫崖市
3,2024/7/30 15:35,32,93,10,西藏那曲市聂荣县
3,2024/7/30 9:59,41,84,16,新疆阿克苏地区库车市
4,2024/7/30 9:27,30,99,10,西藏昌都市芒康县
3,2024/7/30 4:42,22,112,13,广东阳江市江城区
4,2024/7/29 22:50,25,99,10,云南保山市隆阳区
3,2024/7/29 1:47,44,82,30,新疆伊犁州尼勒克县
3,2024/7/28 5:41,41,84,21,新疆巴音郭楞州尉犁县
3,2024/7/28 5:22,33,87,10,西藏那曲市双湖县
5,2024/7/27 19:21,22,121,28,台湾屏东县海域
4,2024/7/26 20:50,34,86,10,西藏那曲市尼玛县
4,2024/7/26 10:23,24,122,10,台湾花莲县海域
4,2024/7/25 9:27,41,84,21,新疆巴音郭楞州尉犁县
3,2024/7/24 18:18,41,84,22,新疆巴音郭楞州尉犁县
4,2024/7/24 16:39,41,84,25,新疆巴音郭楞州尉犁县
4,2024/7/24 11:31,40,77,17,新疆克孜勒苏州阿图什市
5,2024/7/24 7:55,26,105,10,贵州六盘水市水城区
4,2024/7/23 20:22,24,98,13,云南德宏州芒市
3,2024/7/23 13:30,41,84,21,新疆巴音郭楞州尉犁县
3,2024/7/23 9:22,33,89,10,西藏那曲市双湖县
3,2024/7/23 5:14,41,83,18,新疆阿克苏地区库车市
3,2024/7/22 23:02,33,88,10,西藏那曲市双湖县
3,2024/7/22 6:50,33,116,8,安徽亳州市利辛县
3,2024/7/21 13:52,38,78,13,新疆喀什地区叶城县
3,2024/7/21 9:24,41,78,15,新疆克孜勒苏州阿合奇县
5,2024/7/21 2:10,43,85,14,新疆巴音郭楞州和静县
5,2024/7/20 22:18,41,84,14,新疆巴音郭楞州尉犁县
4,2024/7/20 10:07,40,77,17,新疆克孜勒苏州阿图什市
5,2024/7/20 9:56,41,84,18,新疆巴音郭楞州尉犁县
3,2024/7/20 6:21,34,87,10,西藏那曲市尼玛县
4,2024/7/19 14:22,24,98,14,云南德宏州芒市
3,2024/7/19 0:24,27,103,14,云南昭通市巧家县
3,2024/7/18 18:50,41,84,10,新疆巴音郭楞州尉犁县
3,2024/7/18 18:05,30,87,10,西藏日喀则市昂仁县
4,2024/7/18 13:48,44,83,16,新疆博尔塔拉州精河县
3,2024/7/17 12:23,28,101,11,四川凉山州木里县
3,2024/7/17 4:14,41,84,15,新疆巴音郭楞州尉犁县
3,2024/7/17 3:57,41,84,10,新疆巴音郭楞州尉犁县
4,2024/7/17 1:29,41,84,10,新疆巴音郭楞州尉犁县
3,2024/7/15 6:05,41,84,15,新疆巴音郭楞州尉犁县
4,2024/7/15 5:58,41,84,17,新疆巴音郭楞州尉犁县
3,2024/7/15 5:44,41,84,14,新疆巴音郭楞州尉犁县
3,2024/7/14 6:49,30,87,10,西藏日喀则市昂仁县
3,2024/7/13 7:39,41,84,15,新疆巴音郭楞州尉犁县
4,2024/7/12 22:35,41,84,17,新疆巴音郭楞州尉犁县
3,2024/7/12 21:57,41,84,12,新疆巴音郭楞州尉犁县
4,2024/7/12 9:56,41,84,10,新疆巴音郭楞州尉犁县
3,2024/7/12 0:14,41,84,10,新疆巴音郭楞州尉犁县
2,2024/7/11 23:42,38,117,13,河北沧州市河间市
3,2024/7/11 8:49,42,82,20,新疆阿克苏地区拜城县
3,2024/7/11 6:12,41,84,10,新疆巴音郭楞州尉犁县
3,2024/7/11 3:49,30,87,10,西藏日喀则市昂仁县
3,2024/7/10 21:38,30,83,10,西藏日喀则市仲巴县
4,2024/7/10 21:34,41,84,15,新疆巴音郭楞州尉犁县
3,2024/7/10 4:05,40,77,24,新疆克孜勒苏州阿图什市
3,2024/7/10 3:17,34,87,10,西藏那曲市尼玛县
4,2024/7/8 16:07,33,120,8,江苏扬州市江都区
3,2024/7/7 16:02,41,83,24,新疆阿克苏地区沙雅县
3,2024/7/7 13:15,41,84,18,新疆巴音郭楞州尉犁县
3,2024/7/7 10:56,29,106,8,四川泸州市泸县
4,2024/7/6 13:34,27,101,10,云南丽江市永胜县
5,2024/7/5 6:04,41,84,20,新疆巴音郭楞州尉犁县
3,2024/7/5 0:51,43,83,10,新疆巴音郭楞州和静县
3,2024/7/4 14:02,41,84,10,新疆巴音郭楞州尉犁县
4,2024/7/3 14:10,41,84,15,新疆巴音郭楞州尉犁县
3,2024/7/3 9:04,25,107,10,贵州黔南州罗甸县
3,2024/6/30 21:46,41,84,17,新疆巴音郭楞州尉犁县
3,2024/6/28 19:06,42,81,15,新疆伊犁州昭苏县
3,2024/6/28 13:59,28,105,9,四川宜宾市长宁县
4,2024/6/28 10:53,26,107,8,贵州黔南州罗甸县
3,2024/6/28 3:38,40,74,10,新疆克孜勒苏州乌恰县
3,2024/6/28 0:08,27,101,10,云南丽江市永胜县
3,2024/6/27 12:29,41,79,13,新疆克孜勒苏州阿合奇县
4,2024/6/27 9:28,25,107,10,贵州黔南州罗甸县
4,2024/6/26 16:36,27,101,15,云南丽江市永胜县
3,2024/6/26 16:30,27,101,14,云南丽江市永胜县
5,2024/6/26 16:19,27,101,15,云南丽江市永胜县
3,2024/6/26 11:54,41,90,35,新疆巴音郭楞州若羌县
3,2024/6/26 6:48,25,107,10,贵州黔南州罗甸县
4,2024/6/25 13:25,41,84,15,新疆巴音郭楞州尉犁县
3,2024/6/25 13:25,41,84,15,新疆巴音郭楞州尉犁县
5,2024/6/24 13:36,41,84,18,新疆巴音郭楞州尉犁县
3,2024/6/24 12:59,41,84,10,新疆阿克苏地区库车市
3,2024/6/24 7:48,25,107,10,贵州黔南州罗甸县
4,2024/6/23 23:36,41,84,17,新疆巴音郭楞州尉犁县
5,2024/6/23 22:27,24,122,19,台湾花莲县海域
3,2024/6/23 22:11,34,86,10,西藏那曲市尼玛县
4,2024/6/23 20:42,34,86,10,西藏阿里地区改则县
5,2024/6/23 20:40,34,86,10,西藏那曲市尼玛县
3,2024/6/23 19:15,41,84,10,新疆巴音郭楞州尉犁县
4,2024/6/23 16:27,25,107,10,贵州黔南州罗甸县
3,2024/6/23 16:08,25,107,13,贵州黔南州罗甸县
3,2024/6/23 3:00,41,84,11,新疆巴音郭楞州尉犁县
3,2024/6/22 13:43,41,83,17,新疆阿克苏地区库车市
3,2024/6/21 1:52,25,107,10,贵州黔南州罗甸县
3,2024/6/21 1:18,25,107,8,贵州黔南州罗甸县
5,2024/6/20 19:36,40,78,10,新疆克孜勒苏州阿图什市
4,2024/6/20 0:59,41,84,18,新疆巴音郭楞州尉犁县
4,2024/6/18 21:42,35,88,10,西藏那曲市双湖县
3,2024/6/18 20:31,34,108,15,陕西宝鸡市扶风县
4,2024/6/18 11:46,24,122,19,台湾花莲县海域
4,2024/6/16 13:39,39,75,27,新疆克孜勒苏州阿克陶县
4,2024/6/16 12:15,43,81,20,新疆伊犁州察布查尔县
3,2024/6/15 22:24,40,77,18,新疆克孜勒苏州阿图什市
3,2024/6/15 9:52,29,105,11,四川自贡市大安区
4,2024/6/15 7:24,34,86,10,西藏那曲市尼玛县
3,2024/6/14 14:26,41,84,15,新疆巴音郭楞州尉犁县
3,2024/6/14 6:02,27,103,10,云南昭通市巧家县
3,2024/6/14 0:49,36,81,12,新疆和田地区策勒县
3,2024/6/13 3:22,35,88,10,西藏那曲市双湖县
3,2024/6/13 1:47,34,86,10,西藏那曲市尼玛县
3,2024/6/12 15:31,32,94,10,西藏那曲市巴青县
5,2024/6/12 11:48,34,97,10,四川甘孜州石渠县
4,2024/6/12 5:51,24,122,20,台湾花莲县海域
3,2024/6/11 20:43,41,84,10,新疆巴音郭楞州尉犁县
3,2024/6/11 2:35,41,83,19,新疆阿克苏地区库车市
5,2024/6/11 1:35,41,84,20,新疆巴音郭楞州尉犁县
3,2024/6/10 7:58,36,114,10,河北邯郸市磁县
3,2024/6/10 4:06,40,83,15,新疆阿克苏地区沙雅县
4,2024/6/10 0:01,34,87,10,西藏那曲市尼玛县
3,2024/6/9 12:35,28,93,10,西藏山南市错那市
4,2024/6/9 11:43,47,119,20,内蒙古锡林郭勒盟东乌珠穆沁旗
4,2024/6/8 11:16,26,118,8,福建三明市尤溪县
3,2024/6/8 5:50,46,118,15,内蒙古锡林郭勒盟东乌珠穆沁旗
3,2024/6/7 20:25,41,84,10,新疆阿克苏地区库车市
4,2024/6/7 20:23,32,101,11,四川阿坝州壤塘县
3,2024/6/6 17:50,41,84,14,新疆巴音郭楞州尉犁县
4,2024/6/6 15:04,41,84,10,新疆巴音郭楞州尉犁县
3,2024/6/6 12:08,41,84,13,新疆阿克苏地区库车市
3,2024/6/5 21:00,41,107,14,内蒙古巴彦淖尔市乌拉特后旗
4,2024/6/5 20:05,33,86,10,西藏那曲市尼玛县
3,2024/6/5 1:42,34,86,10,西藏那曲市尼玛县
4,2024/6/5 1:00,40,77,30,新疆克孜勒苏州阿图什市
3,2024/6/4 12:14,27,102,8,四川凉山州盐源县
4,2024/6/4 2:54,34,86,10,西藏那曲市尼玛县
3,2024/6/4 0:45,37,77,93,新疆喀什地区叶城县
4,2024/6/2 9:27,24,122,10,台湾花莲县海域
3,2024/6/1 20:37,34,86,10,西藏那曲市尼玛县
4,2024/6/1 18:58,34,86,10,西藏那曲市尼玛县
3,2024/6/1 11:15,35,87,10,西藏那曲市尼玛县
4,2024/6/1 10:59,34,86,10,西藏那曲市尼玛县
6,2024/6/1 8:46,34,86,8,西藏那曲市尼玛县
4,2024/6/1 8:32,24,122,10,台湾宜兰县海域
5,2024/6/1 1:10,24,122,10,台湾花莲县
3,2024/5/31 15:21,41,79,12,新疆阿克苏地区柯坪县
3,2024/5/31 7:24,41,79,16,新疆阿克苏地区柯坪县
4,2024/5/31 1:10,28,101,8,四川凉山州木里县
4,2024/5/30 23:52,24,122,32,台湾花莲县海域
3,2024/5/30 15:31,41,83,20,新疆阿克苏地区沙雅县
3,2024/5/30 11:24,37,82,10,新疆和田地区于田县
5,2024/5/30 9:11,24,122,32,台湾花莲县海域
4,2024/5/30 7:54,24,122,17,台湾花莲县海域
4,2024/5/30 6:45,41,83,20,新疆阿克苏地区沙雅县
3,2024/5/30 6:38,28,101,14,四川凉山州木里县
4,2024/5/29 9:05,41,84,16,新疆阿克苏地区库车市
4,2024/5/28 9:13,30,81,10,西藏阿里地区普兰县
3,2024/5/27 21:53,28,96,10,西藏林芝市察隅县
3,2024/5/27 18:47,28,101,10,四川凉山州木里县
4,2024/5/27 18:39,28,101,8,四川凉山州木里县
5,2024/5/27 18:37,28,101,8,四川凉山州木里县
3,2024/5/27 16:43,28,101,9,四川凉山州木里县
4,2024/5/27 16:25,28,101,9,四川凉山州木里县
5,2024/5/27 11:07,28,101,8,四川凉山州木里县
4,2024/5/27 7:02,31,86,10,西藏日喀则市昂仁县
4,2024/5/27 6:19,41,78,10,新疆克孜勒苏州阿合奇县
4,2024/5/27 1:54,38,75,125,新疆克孜勒苏州阿克陶县
3,2024/5/26 19:10,29,106,15,四川泸州市泸县
3,2024/5/26 6:03,37,77,90,新疆喀什地区叶城县
3,2024/5/25 17:28,41,84,13,新疆阿克苏地区库车市
4,2024/5/25 1:07,24,122,21,台湾花莲县海域
3,2024/5/24 21:15,32,96,9,青海玉树州囊谦县
3,2024/5/24 7:27,42,82,21,新疆阿克苏地区拜城县
3,2024/5/24 5:40,42,82,20,新疆阿克苏地区拜城县
3,2024/5/24 4:17,42,82,18,新疆阿克苏地区拜城县
3,2024/5/24 1:38,42,82,17,新疆阿克苏地区拜城县
4,2024/5/24 0:11,42,82,20,新疆阿克苏地区拜城县
4,2024/5/24 0:05,42,82,20,新疆阿克苏地区拜城县
3,2024/5/23 23:38,42,82,15,新疆阿克苏地区拜城县
3,2024/5/23 23:22,42,82,10,新疆阿克苏地区拜城县
3,2024/5/23 23:07,42,82,22,新疆阿克苏地区拜城县
3,2024/5/23 22:46,42,82,15,新疆阿克苏地区拜城县
5,2024/5/23 22:30,42,82,15,新疆阿克苏地区拜城县
5,2024/5/22 16:00,24,122,10,台湾花莲县海域
3,2024/5/22 12:22,40,83,10,新疆阿克苏地区沙雅县
3,2024/5/22 0:54,27,103,10,云南昭通市巧家县
3,2024/5/21 9:38,30,102,11,四川甘孜州泸定县
3,2024/5/21 7:39,30,102,11,四川甘孜州泸定县
4,2024/5/21 5:26,34,82,10,西藏阿里地区日土县
3,2024/5/21 2:31,41,79,11,新疆阿克苏地区乌什县
3,2024/5/20 15:19,40,77,19,新疆克孜勒苏州阿图什市
5,2024/5/20 13:10,40,77,19,新疆克孜勒苏州阿图什市
4,2024/5/19 8:45,42,79,15,新疆阿克苏地区乌什县
5,2024/5/19 3:38,36,77,10,新疆喀什地区叶城县
4,2024/5/19 3:35,40,114,13,山西大同市阳高县
3,2024/5/18 15:10,41,78,10,新疆克孜勒苏州阿合奇县
3,2024/5/16 15:56,39,97,8,甘肃酒泉市肃北县
3,2024/5/15 8:49,32,104,13,四川德阳市绵竹市
3,2024/5/13 4:11,28,101,11,四川凉山州木里县
3,2024/5/12 14:00,41,84,13,新疆阿克苏地区库车市
3,2024/5/12 13:52,41,84,13,新疆阿克苏地区库车市
3,2024/5/12 2:32,32,118,15,安徽合肥市肥东县
4,2024/5/11 17:44,24,122,17,台湾花莲县海域
4,2024/5/11 15:11,41,84,11,新疆阿克苏地区沙雅县
5,2024/5/11 13:16,24,122,8,台湾花莲县海域
2,2024/5/10 17:21,39,117,13,河北廊坊市大城县
6,2024/5/10 15:45,24,122,10,台湾花莲县海域
4,2024/5/10 9:52,38,75,10,新疆喀什地区塔什库尔干县
5,2024/5/10 9:37,24,122,10,台湾花莲县
5,2024/5/10 9:35,24,122,10,台湾花莲县海域
3,2024/5/9 15:33,33,87,10,西藏那曲市尼玛县
3,2024/5/9 9:42,41,83,14,新疆阿克苏地区库车市
4,2024/5/8 19:31,24,123,20,台湾花莲县海域
3,2024/5/8 18:47,40,77,30,新疆克孜勒苏州阿图什市
4,2024/5/8 16:40,24,122,9,台湾花莲县海域
4,2024/5/8 10:26,44,124,12,吉林松原市长岭县
5,2024/5/6 17:52,24,122,25,台湾花莲县海域
5,2024/5/6 17:45,24,122,20,台湾花莲县海域
3,2024/5/6 8:54,41,84,10,新疆阿克苏地区沙雅县
3,2024/5/2 22:18,41,84,10,新疆阿克苏地区库车市
5,2024/5/2 10:07,23,121,10,台湾台东县海域
3,2024/5/2 7:09,42,82,20,新疆阿克苏地区拜城县
5,2024/5/2 3:17,41,78,10,新疆克孜勒苏州阿合奇县
3,2024/5/1 3:22,31,84,10,西藏日喀则市仲巴县
3,2024/4/30 11:11,41,79,10,新疆克孜勒苏州阿合奇县
3,2024/4/30 10:23,40,84,18,新疆阿克苏地区沙雅县
3,2024/4/30 7:52,33,108,10,陕西汉中市洋县
3,2024/4/29 21:55,28,93,10,西藏山南市隆子县
3,2024/4/29 20:06,41,78,10,新疆克孜勒苏州阿合奇县
4,2024/4/29 1:40,24,122,31,台湾花莲县海域
3,2024/4/28 20:09,41,79,10,新疆阿克苏地区乌什县
4,2024/4/28 19:31,41,79,14,新疆阿克苏地区乌什县
4,2024/4/28 11:43,38,123,30,黄海海域
3,2024/4/27 13:47,31,104,17,四川成都市彭州市
4,2024/4/27 3:13,24,122,25,台湾花莲县海域
5,2024/4/27 2:49,24,122,27,台湾花莲县海域
6,2024/4/27 2:21,24,122,30,台湾花莲县海域
5,2024/4/26 20:28,24,122,10,台湾花莲县
3,2024/4/26 13:48,41,84,20,新疆阿克苏地区库车市
3,2024/4/25 21:00,36,111,16,山西临汾市襄汾县
4,2024/4/25 17:24,41,79,10,新疆克孜勒苏州阿合奇县
3,2024/4/25 13:56,40,84,16,新疆阿克苏地区沙雅县
4,2024/4/25 9:23,24,122,10,台湾花莲县海域
4,2024/4/25 8:19,24,122,9,台湾花莲县海域
5,2024/4/25 2:11,24,122,10,台湾花莲县海域
3,2024/4/24 16:40,49,123,20,内蒙古呼伦贝尔市鄂伦春旗
4,2024/4/24 15:30,24,122,10,台湾花莲县海域
4,2024/4/24 13:05,25,100,10,云南大理州巍山县
4,2024/4/24 13:01,24,122,10,台湾花莲县海域
4,2024/4/24 0:02,24,122,14,台湾花莲县海域
3,2024/4/23 21:54,29,104,10,四川宜宾市屏山县
4,2024/4/23 20:40,24,122,8,台湾花莲县海域
3,2024/4/23 20:26,41,79,10,新疆克孜勒苏州阿合奇县
4,2024/4/23 13:08,24,122,10,台湾花莲县
4,2024/4/23 10:27,24,122,10,台湾花莲县
4,2024/4/23 10:23,24,122,10,台湾花莲县
5,2024/4/23 10:21,24,122,10,台湾花莲县海域
5,2024/4/23 9:45,24,122,10,台湾花莲县海域
6,2024/4/23 8:04,24,122,10,台湾花莲县
5,2024/4/23 5:31,24,122,10,台湾花莲县海域
5,2024/4/23 5:24,24,121,10,台湾花莲县
5,2024/4/23 5:19,24,122,10,台湾花莲县海域
5,2024/4/23 5:14,24,122,10,台湾花莲县
4,2024/4/23 5:11,24,122,10,台湾花莲县
5,2024/4/23 5:04,24,122,10,台湾花莲县
5,2024/4/23 4:52,24,121,8,台湾花莲县
6,2024/4/23 4:49,24,122,10,台湾花莲县海域
5,2024/4/23 4:03,24,122,10,台湾花莲县海域
5,2024/4/23 3:34,24,122,10,台湾花莲县海域
5,2024/4/23 3:19,24,122,10,台湾花莲县
6,2024/4/23 2:32,24,122,10,台湾花莲县
6,2024/4/23 2:26,24,122,10,台湾花莲县海域
4,2024/4/23 1:40,24,122,10,台湾花莲县
4,2024/4/23 0:33,24,122,12,台湾花莲县海域
6,2024/4/22 22:11,24,121,9,台湾花莲县
4,2024/4/22 21:42,24,122,10,台湾花莲县海域
5,2024/4/22 21:13,24,122,10,台湾花莲县
4,2024/4/22 21:08,42,83,15,新疆阿克苏地区拜城县
4,2024/4/22 21:00,24,122,10,台湾花莲县海域
5,2024/4/22 19:45,24,122,10,台湾花莲县海域
5,2024/4/22 19:44,24,122,10,台湾花莲县海域
5,2024/4/22 19:34,24,122,10,台湾花莲县
5,2024/4/22 19:25,24,121,10,台湾花莲县
5,2024/4/22 19:25,24,122,10,台湾花莲县
4,2024/4/22 19:22,24,122,10,台湾花莲县海域
5,2024/4/22 19:13,24,122,11,台湾花莲县海域
4,2024/4/22 19:10,24,122,8,台湾花莲县海域
6,2024/4/22 18:50,24,122,10,台湾花莲县
5,2024/4/22 18:49,24,122,10,台湾花莲县海域
5,2024/4/22 18:46,24,122,10,台湾花莲县海域
5,2024/4/22 17:52,24,122,9,台湾花莲县海域
5,2024/4/22 17:17,24,121,10,台湾花莲县
5,2024/4/22 17:15,24,121,10,台湾花莲县
5,2024/4/22 17:12,24,122,8,台湾花莲县
5,2024/4/22 17:08,24,122,10,台湾花莲县海域
3,2024/4/22 6:43,44,87,25,新疆乌鲁木齐市乌鲁木齐县（有感）
3,2024/4/22 6:12,44,87,21,新疆乌鲁木齐市乌鲁木齐县（有感）
3,2024/4/22 0:38,41,79,10,新疆阿克苏地区乌什县
5,2024/4/22 0:35,24,122,9,台湾花莲县
4,2024/4/21 15:20,40,74,11,新疆克孜勒苏州乌恰县
3,2024/4/21 11:47,39,75,10,新疆克孜勒苏州阿克陶县
5,2024/4/21 10:40,23,122,20,台湾花莲县海域
3,2024/4/21 10:09,38,76,100,新疆喀什地区塔什库尔干县
4,2024/4/20 9:44,34,82,10,西藏阿里地区日土县
4,2024/4/19 22:25,24,122,18,台湾宜兰县海域
4,2024/4/19 13:27,42,82,9,新疆阿克苏地区拜城县
3,2024/4/19 7:55,28,102,14,四川凉山州冕宁县
4,2024/4/19 5:54,25,100,10,云南大理州巍山县
3,2024/4/19 1:52,34,82,10,西藏阿里地区日土县
4,2024/4/19 1:44,34,82,10,西藏阿里地区日土县
5,2024/4/19 1:40,33,82,10,西藏阿里地区日土县
3,2024/4/18 23:33,38,76,135,新疆克孜勒苏州阿克陶县
3,2024/4/18 15:43,34,82,10,西藏阿里地区日土县
3,2024/4/18 10:13,34,85,10,西藏阿里地区改则县
3,2024/4/18 8:23,41,79,10,新疆阿克苏地区乌什县
4,2024/4/17 20:21,34,82,10,西藏阿里地区日土县
5,2024/4/17 17:17,24,122,23,台湾花莲县海域
5,2024/4/17 12:22,42,83,17,新疆阿克苏地区拜城县
3,2024/4/17 9:19,41,84,11,新疆阿克苏地区库车市
4,2024/4/17 6:47,45,125,10,吉林松原市宁江区
4,2024/4/17 2:59,24,122,18,台湾花莲县海域
3,2024/4/16 20:00,37,85,10,新疆巴音郭楞州且末县
3,2024/4/15 9:49,36,120,8,山东青岛市黄岛区
3,2024/4/14 11:04,34,82,10,西藏阿里地区日土县
4,2024/4/13 22:26,24,122,9,台湾花莲县
4,2024/4/13 20:38,24,122,8,台湾花莲县海域
3,2024/4/13 18:26,29,105,10,四川宜宾市南溪区
5,2024/4/13 13:44,34,82,10,西藏阿里地区日土县
4,2024/4/13 2:44,23,120,10,台湾嘉义县
5,2024/4/12 16:13,41,79,10,新疆克孜勒苏州阿合奇县
4,2024/4/12 13:04,33,82,10,西藏阿里地区日土县
3,2024/4/12 9:25,45,93,12,新疆哈密市巴里坤县
3,2024/4/11 8:42,42,83,18,新疆阿克苏地区拜城县
5,2024/4/11 2:53,42,83,13,新疆阿克苏地区拜城县
4,2024/4/11 0:55,24,122,12,台湾花莲县海域
6,2024/4/10 22:56,42,83,16,新疆阿克苏地区拜城县
5,2024/4/10 18:57,42,82,20,新疆阿克苏地区拜城县
5,2024/4/9 22:07,28,100,10,云南迪庆州香格里拉市
4,2024/4/9 17:22,40,98,11,甘肃张掖市肃南县
3,2024/4/9 15:06,42,82,19,新疆阿克苏地区拜城县
4,2024/4/9 12:10,42,83,18,新疆阿克苏地区库车市
4,2024/4/9 6:14,24,122,21,台湾花莲县海域
5,2024/4/9 2:02,24,122,28,台湾花莲县海域
5,2024/4/8 13:09,24,122,23,台湾花莲县海域
3,2024/4/8 7:20,42,82,20,新疆阿克苏地区拜城县
4,2024/4/8 7:16,42,82,17,新疆阿克苏地区拜城县
3,2024/4/8 7:15,42,82,20,新疆阿克苏地区拜城县
4,2024/4/8 6:49,24,122,25,台湾花莲县海域
5,2024/4/8 4:47,42,82,18,新疆阿克苏地区拜城县
4,2024/4/7 22:20,42,82,17,新疆阿克苏地区拜城县
4,2024/4/7 19:03,42,82,18,新疆阿克苏地区拜城县
3,2024/4/7 18:22,42,82,15,新疆阿克苏地区拜城县
5,2024/4/7 18:01,24,122,20,台湾花莲县海域
3,2024/4/7 17:48,42,82,17,新疆阿克苏地区拜城县
3,2024/4/7 17:45,42,82,17,新疆阿克苏地区拜城县
3,2024/4/7 16:53,42,82,15,新疆阿克苏地区拜城县
5,2024/4/7 16:46,42,82,17,新疆阿克苏地区拜城县
4,2024/4/7 16:44,42,82,22,新疆阿克苏地区拜城县
4,2024/4/7 5:15,24,122,17,台湾花莲县海域
5,2024/4/6 23:53,24,122,23,台湾花莲县海域
5,2024/4/6 18:47,24,122,25,台湾花莲县海域
5,2024/4/6 11:52,24,122,10,台湾花莲县海域
3,2024/4/6 11:12,32,105,18,四川绵阳市江油市
5,2024/4/6 10:29,27,103,10,云南昭通市鲁甸县
3,2024/4/6 9:48,41,79,12,新疆克孜勒苏州阿合奇县
4,2024/4/6 9:37,24,122,13,台湾花莲县海域
5,2024/4/6 4:26,24,122,21,台湾花莲县海域
4,2024/4/5 17:04,24,122,20,台湾花莲县海域
4,2024/4/5 15:03,41,84,13,新疆巴音郭楞州尉犁县
5,2024/4/5 14:12,24,122,8,台湾花莲县海域
5,2024/4/5 12:50,24,122,22,台湾花莲县海域
5,2024/4/5 2:35,24,122,26,台湾花莲县海域
5,2024/4/4 22:30,24,122,13,台湾花莲县海域
4,2024/4/4 13:00,24,122,23,台湾花莲县海域
3,2024/4/4 11:52,41,79,10,新疆阿克苏地区乌什县
4,2024/4/4 9:29,24,121,8,台湾花莲县
6,2024/4/4 8:39,38,91,10,青海海西州茫崖市
4,2024/4/4 6:46,24,122,20,台湾花莲县海域
4,2024/4/4 5:56,24,122,17,台湾花莲县海域
4,2024/4/4 3:46,24,122,10,台湾花莲县海域
5,2024/4/4 2:29,24,122,14,台湾花莲县海域
4,2024/4/3 23:42,24,122,10,台湾花莲县
4,2024/4/3 23:39,24,122,20,台湾花莲县海域
4,2024/4/3 22:49,24,122,19,台湾花莲县海域
4,2024/4/3 12:08,24,122,15,台湾花莲县海域
5,2024/4/3 11:57,24,122,19,台湾花莲县海域
5,2024/4/3 11:45,24,122,15,台湾花莲县海域
4,2024/4/3 11:35,24,122,10,台湾花莲县海域
4,2024/4/3 11:20,24,122,10,台湾花莲县海域
4,2024/4/3 10:38,24,122,10,台湾花莲县海域
5,2024/4/3 10:28,24,122,10,台湾花莲县海域
6,2024/4/3 10:14,24,122,10,台湾花莲县海域
4,2024/4/3 10:13,24,122,10,台湾花莲县海域
5,2024/4/3 9:53,24,122,10,台湾花莲县
5,2024/4/3 9:49,24,122,12,台湾花莲县海域
6,2024/4/3 9:39,24,122,10,台湾花莲县海域
4,2024/4/3 9:19,24,122,10,台湾花莲县海域
4,2024/4/3 9:17,24,122,11,台湾花莲县海域
5,2024/4/3 9:09,24,122,10,台湾花莲县海域
4,2024/4/3 9:07,24,122,9,台湾花莲县海域
4,2024/4/3 8:54,24,122,27,台湾花莲县海域
5,2024/4/3 8:50,24,122,11,台湾花莲县海域
6,2024/4/3 8:46,24,122,10,台湾花莲县海域
5,2024/4/3 8:43,24,122,10,台湾花莲县
6,2024/4/3 8:35,24,122,10,台湾花莲县
6,2024/4/3 8:11,24,122,10,台湾花莲县海域
7,2024/4/3 7:58,24,122,12,台湾花莲县海域
4,2024/4/3 3:26,23,120,8,台湾嘉义县
3,2024/4/2 20:06,32,104,18,四川阿坝州茂县
3,2024/4/2 12:24,32,104,15,四川阿坝州茂县
4,2024/4/1 6:55,44,82,21,新疆博尔塔拉州精河县
3,2024/3/31 15:56,29,96,10,西藏林芝市察隅县
3,2024/3/31 15:38,41,83,20,新疆阿克苏地区库车市
4,2024/3/31 5:52,41,84,15,新疆巴音郭楞州尉犁县
3,2024/3/30 19:46,40,83,11,新疆阿克苏地区沙雅县
3,2024/3/30 19:39,40,83,16,新疆阿克苏地区沙雅县
4,2024/3/30 19:21,40,83,15,新疆阿克苏地区沙雅县
3,2024/3/30 19:20,40,83,14,新疆阿克苏地区沙雅县
3,2024/3/30 18:38,40,83,15,新疆阿克苏地区沙雅县
4,2024/3/30 3:26,33,89,10,西藏那曲市双湖县
3,2024/3/28 13:42,29,96,10,西藏林芝市墨脱县
3,2024/3/28 8:40,33,83,10,西藏阿里地区革吉县
4,2024/3/27 18:36,32,101,15,四川阿坝州壤塘县
3,2024/3/27 15:07,41,83,12,新疆阿克苏地区库车市
3,2024/3/27 8:20,41,84,15,新疆巴音郭楞州尉犁县
5,2024/3/26 2:33,36,92,8,青海玉树州治多县
3,2024/3/25 23:18,41,84,14,新疆巴音郭楞州尉犁县
3,2024/3/25 23:03,41,84,16,新疆巴音郭楞州尉犁县
3,2024/3/25 16:02,31,97,10,西藏昌都市卡若区
3,2024/3/25 11:37,41,84,15,新疆阿克苏地区库车市
3,2024/3/23 11:45,41,78,10,新疆克孜勒苏州阿合奇县
4,2024/3/23 9:41,41,78,10,新疆克孜勒苏州阿合奇县
4,2024/3/23 5:03,41,79,10,新疆克孜勒苏州阿合奇县
4,2024/3/22 6:24,34,93,9,青海玉树州杂多县
3,2024/3/22 5:06,42,89,21,新疆吐鲁番市托克逊县
3,2024/3/21 18:57,28,103,15,四川凉山州昭觉县
5,2024/3/21 18:49,24,122,20,台湾花莲县
4,2024/3/21 0:58,34,86,10,西藏那曲市尼玛县
3,2024/3/20 13:08,43,114,15,内蒙古锡林郭勒盟苏尼特左旗
3,2024/3/20 11:51,28,105,8,四川宜宾市长宁县
4,2024/3/19 19:20,24,122,10,台湾花莲县海域
3,2024/3/19 16:18,30,105,13,四川内江市资中县
4,2024/3/19 11:03,35,120,10,江苏盐城市滨海县海域
4,2024/3/18 9:24,33,93,10,青海玉树州杂多县
4,2024/3/18 6:05,34,93,10,青海玉树州杂多县
4,2024/3/17 11:50,41,122,10,辽宁营口市大石桥市
3,2024/3/17 6:03,38,101,9,青海海北州门源县
4,2024/3/16 3:49,42,84,13,新疆阿克苏地区库车市
3,2024/3/15 18:33,28,105,10,四川宜宾市长宁县
3,2024/3/15 10:47,41,79,10,新疆克孜勒苏州阿合奇县
3,2024/3/15 4:13,41,79,10,新疆阿克苏地区乌什县
5,2024/3/14 16:36,42,82,17,新疆阿克苏地区拜城县
4,2024/3/14 16:27,39,97,9,青海海西州天峻县
3,2024/3/14 13:41,39,92,9,青海海西州茫崖市
3,2024/3/14 3:19,29,105,9,四川泸州市泸县
3,2024/3/14 2:11,42,82,10,新疆阿克苏地区拜城县
4,2024/3/13 14:49,39,74,10,新疆克孜勒苏州阿克陶县
3,2024/3/11 21:35,41,78,10,新疆克孜勒苏州阿合奇县
3,2024/3/10 10:07,35,81,10,新疆和田地区策勒县
4,2024/3/9 20:35,41,79,10,新疆阿克苏地区乌什县
4,2024/3/9 13:17,32,93,10,西藏那曲市比如县
3,2024/3/9 8:28,34,93,10,青海玉树州杂多县
4,2024/3/7 18:09,34,93,10,青海玉树州杂多县
6,2024/3/7 18:06,34,93,10,青海玉树州杂多县
4,2024/3/7 1:37,40,77,18,新疆克孜勒苏州阿图什市
3,2024/3/7 1:22,41,83,18,新疆阿克苏地区库车市
3,2024/3/6 21:19,41,79,11,新疆阿克苏地区乌什县
5,2024/3/6 8:09,41,79,10,新疆阿克苏地区乌什县
5,2024/3/5 10:07,34,93,10,青海玉树州杂多县
3,2024/3/5 9:29,41,79,12,新疆阿克苏地区乌什县
3,2024/3/5 7:44,44,82,18,新疆伊犁州伊宁县
3,2024/3/4 21:28,41,123,10,辽宁鞍山市海城市
4,2024/3/4 15:54,41,79,10,新疆克孜勒苏州阿合奇县
3,2024/3/4 14:45,41,78,13,新疆克孜勒苏州阿合奇县
4,2024/3/4 14:32,39,98,10,甘肃张掖市肃南县
4,2024/3/4 11:50,42,81,18,新疆阿克苏地区拜城县
3,2024/3/4 8:06,34,85,10,西藏阿里地区改则县
3,2024/3/3 18:07,41,78,10,新疆克孜勒苏州阿合奇县
4,2024/3/3 17:24,41,78,10,新疆克孜勒苏州阿合奇县
4,2024/2/29 13:26,24,120,20,台湾嘉义县
3,2024/2/29 11:48,41,79,12,新疆阿克苏地区乌什县
3,2024/2/28 21:23,29,103,15,四川雅安市汉源县
3,2024/2/28 18:21,41,84,10,新疆阿克苏地区库车市
3,2024/2/28 18:14,41,84,11,新疆阿克苏地区库车市
3,2024/2/28 9:17,41,79,10,新疆阿克苏地区乌什县
3,2024/2/27 22:17,41,78,10,新疆克孜勒苏州阿合奇县
3,2024/2/27 1:55,41,79,10,新疆阿克苏地区乌什县
3,2024/2/27 1:46,41,79,10,新疆阿克苏地区乌什县
3,2024/2/26 22:20,41,78,10,新疆克孜勒苏州阿合奇县
4,2024/2/26 20:28,41,79,10,新疆阿克苏地区乌什县
4,2024/2/26 19:29,30,88,15,西藏日喀则市谢通门县
3,2024/2/26 12:02,37,77,90,新疆喀什地区叶城县
4,2024/2/26 9:28,41,78,12,新疆克孜勒苏州阿合奇县
5,2024/2/25 21:48,25,122,10,台湾宜兰县海域
6,2024/2/25 12:14,41,78,11,新疆克孜勒苏州阿合奇县
3,2024/2/25 3:44,41,79,10,新疆克孜勒苏州阿合奇县
3,2024/2/24 18:50,39,75,34,新疆克孜勒苏州阿克陶县
4,2024/2/24 18:13,32,118,15,安徽合肥市肥东县
4,2024/2/24 12:37,24,122,19,台湾花莲县海域
5,2024/2/24 6:58,41,79,10,新疆克孜勒苏州阿合奇县
4,2024/2/23 18:33,41,79,10,新疆克孜勒苏州阿合奇县
4,2024/2/23 12:08,41,79,12,新疆阿克苏地区乌什县
3,2024/2/22 19:08,41,79,15,新疆阿克苏地区乌什县
3,2024/2/22 16:40,41,79,12,新疆阿克苏地区乌什县
4,2024/2/22 2:26,41,79,10,新疆阿克苏地区乌什县
4,2024/2/21 15:03,40,78,10,新疆克孜勒苏州阿图什市
4,2024/2/20 22:18,24,122,11,台湾花莲县海域
5,2024/2/20 18:58,43,94,12,新疆新星市
3,2024/2/20 17:52,40,112,15,山西朔州市右玉县
4,2024/2/19 11:08,42,84,10,新疆阿克苏地区库车市
3,2024/2/19 0:49,41,79,12,新疆克孜勒苏州阿合奇县
4,2024/2/18 16:59,41,79,10,新疆阿克苏地区乌什县
4,2024/2/18 2:59,34,92,9,青海海西州唐古拉地区
3,2024/2/17 15:49,41,79,10,新疆阿克苏地区乌什县
4,2024/2/16 23:38,37,77,129,新疆喀什地区叶城县
3,2024/2/15 20:17,41,79,15,新疆阿克苏地区乌什县
3,2024/2/15 14:28,41,79,10,新疆阿克苏地区乌什县
4,2024/2/15 14:02,25,107,10,广西河池市天峨县
3,2024/2/15 12:32,41,78,10,新疆克孜勒苏州阿合奇县
5,2024/2/15 11:52,41,79,10,新疆阿克苏地区乌什县
4,2024/2/15 11:41,41,78,15,新疆克孜勒苏州阿合奇县
3,2024/2/15 7:57,41,84,16,新疆巴音郭楞州尉犁县
3,2024/2/14 15:30,41,79,10,新疆阿克苏地区乌什县
3,2024/2/14 4:06,41,78,10,新疆克孜勒苏州阿合奇县
4,2024/2/14 3:10,40,78,24,新疆喀什地区伽师县
3,2024/2/13 2:10,39,97,10,甘肃酒泉市肃北县
4,2024/2/12 23:52,41,79,18,新疆阿克苏地区乌什县
3,2024/2/12 12:34,41,78,10,新疆克孜勒苏州阿合奇县
3,2024/2/12 4:45,36,103,11,甘肃临夏州积石山县
3,2024/2/12 3:42,41,79,10,新疆阿克苏地区乌什县
3,2024/2/11 22:30,41,79,11,新疆克孜勒苏州阿合奇县
3,2024/2/11 20:22,41,79,14,新疆阿克苏地区乌什县
3,2024/2/11 13:24,40,83,25,新疆阿克苏地区沙雅县
4,2024/2/11 12:57,41,79,13,新疆克孜勒苏州阿合奇县
3,2024/2/11 11:03,41,79,13,新疆克孜勒苏州阿合奇县
3,2024/2/9 11:29,28,105,11,四川宜宾市长宁县
3,2024/2/9 4:09,32,105,17,四川绵阳市平武县
3,2024/2/8 18:19,41,78,10,新疆克孜勒苏州阿合奇县
3,2024/2/8 11:17,41,78,11,新疆克孜勒苏州阿合奇县
3,2024/2/8 1:28,39,97,9,甘肃酒泉市肃北县
4,2024/2/7 16:55,41,78,12,新疆克孜勒苏州阿合奇县
3,2024/2/6 0:49,33,93,10,西藏那曲市聂荣县
3,2024/2/4 19:36,39,74,106,新疆克孜勒苏州阿克陶县
5,2024/2/4 9:18,41,79,12,新疆克孜勒苏州阿合奇县
3,2024/2/4 6:15,41,79,12,新疆克孜勒苏州阿合奇县
4,2024/2/4 2:44,38,91,11,青海海西州茫崖市
4,2024/2/4 2:02,41,79,10,新疆克孜勒苏州阿合奇县
5,2024/2/4 0:34,41,79,15,新疆克孜勒苏州阿合奇县
5,2024/2/3 21:44,41,79,12,新疆克孜勒苏州阿合奇县
4,2024/2/3 21:26,41,79,11,新疆克孜勒苏州阿合奇县
4,2024/2/3 16:36,41,79,12,新疆克孜勒苏州阿合奇县
4,2024/2/3 12:40,37,97,10,青海海西州都兰县
4,2024/2/1 3:21,41,79,16,新疆阿克苏地区乌什县
3,2024/1/31 13:13,41,79,15,新疆阿克苏地区乌什县
3,2024/1/31 4:48,41,79,10,新疆克孜勒苏州阿合奇县
4,2024/1/30 11:52,41,79,14,新疆克孜勒苏州阿合奇县
4,2024/1/30 9:44,41,79,10,新疆阿克苏地区乌什县
3,2024/1/30 7:30,41,79,10,新疆克孜勒苏州阿合奇县
4,2024/1/30 7:17,41,79,10,新疆克孜勒苏州阿合奇县
6,2024/1/30 6:27,41,79,10,新疆克孜勒苏州阿合奇县
4,2024/1/30 5:03,41,79,10,新疆阿克苏地区乌什县
3,2024/1/29 20:09,41,79,10,新疆克孜勒苏州阿合奇县
3,2024/1/29 19:38,43,88,10,新疆吐鲁番市托克逊县
3,2024/1/29 12:05,41,79,11,新疆克孜勒苏州阿合奇县
5,2024/1/29 2:11,24,121,10,台湾花莲县
3,2024/1/28 18:07,42,81,10,新疆阿克苏地区拜城县
4,2024/1/28 17:52,41,79,13,新疆克孜勒苏州阿合奇县
3,2024/1/27 23:06,41,84,12,新疆阿克苏地区库车市
3,2024/1/27 19:30,41,79,15,新疆阿克苏地区乌什县
5,2024/1/27 17:03,41,79,15,新疆克孜勒苏州阿合奇县
3,2024/1/27 13:29,42,80,11,新疆阿克苏地区温宿县
4,2024/1/27 8:37,41,78,12,新疆克孜勒苏州阿合奇县
3,2024/1/27 0:00,41,79,11,新疆克孜勒苏州阿合奇县
3,2024/1/26 20:38,26,100,10,云南大理州大理市
4,2024/1/26 20:05,41,79,14,新疆阿克苏地区乌什县
3,2024/1/26 19:50,36,103,8,甘肃临夏州积石山县
4,2024/1/26 19:40,41,79,12,新疆阿克苏地区乌什县
3,2024/1/26 18:36,41,79,11,新疆克孜勒苏州阿合奇县
4,2024/1/26 18:16,41,79,10,新疆阿克苏地区乌什县
4,2024/1/26 16:17,41,79,12,新疆克孜勒苏州阿合奇县
3,2024/1/26 14:54,41,79,10,新疆克孜勒苏州阿合奇县
4,2024/1/26 10:26,41,79,10,新疆阿克苏地区乌什县
4,2024/1/26 9:55,41,79,13,新疆克孜勒苏州阿合奇县
4,2024/1/26 9:14,41,79,14,新疆克孜勒苏州阿合奇县
4,2024/1/26 8:17,41,79,13,新疆克孜勒苏州阿合奇县
3,2024/1/26 7:46,41,79,13,新疆克孜勒苏州阿合奇县
4,2024/1/26 6:38,41,79,11,新疆克孜勒苏州阿合奇县
3,2024/1/26 5:12,41,79,10,新疆克孜勒苏州阿合奇县
4,2024/1/26 5:11,41,79,13,新疆克孜勒苏州阿合奇县
3,2024/1/26 4:21,41,79,11,新疆阿克苏地区乌什县
6,2024/1/26 4:01,41,79,18,新疆阿克苏地区乌什县
4,2024/1/26 3:21,41,77,20,新疆克孜勒苏州阿图什市
3,2024/1/25 21:54,41,78,15,新疆克孜勒苏州阿合奇县
3,2024/1/25 17:29,41,79,12,新疆阿克苏地区乌什县
3,2024/1/25 16:59,41,79,13,新疆阿克苏地区乌什县
3,2024/1/25 16:59,41,79,14,新疆克孜勒苏州阿合奇县
3,2024/1/25 16:42,41,79,14,新疆克孜勒苏州阿合奇县
4,2024/1/25 16:14,41,79,16,新疆阿克苏地区乌什县
3,2024/1/25 13:00,41,79,18,新疆克孜勒苏州阿合奇县
4,2024/1/25 12:59,41,79,15,新疆阿克苏地区乌什县
3,2024/1/25 12:54,41,79,16,新疆克孜勒苏州阿合奇县
3,2024/1/25 12:21,41,79,15,新疆克孜勒苏州阿合奇县
5,2024/1/25 6:21,41,79,15,新疆克孜勒苏州阿合奇县
3,2024/1/25 5:50,41,79,15,新疆克孜勒苏州阿合奇县
4,2024/1/25 4:35,41,79,18,新疆阿克苏地区乌什县
4,2024/1/25 4:05,41,78,20,新疆克孜勒苏州阿合奇县
3,2024/1/25 3:59,41,79,18,新疆克孜勒苏州阿合奇县
3,2024/1/25 3:51,42,82,18,新疆阿克苏地区拜城县
3,2024/1/25 3:33,41,79,20,新疆克孜勒苏州阿合奇县
4,2024/1/25 2:45,41,79,20,新疆阿克苏地区乌什县
3,2024/1/25 1:49,41,79,25,新疆克孜勒苏州阿合奇县
3,2024/1/25 0:38,41,79,10,新疆克孜勒苏州阿合奇县
3,2024/1/25 0:33,41,79,20,新疆克孜勒苏州阿合奇县
3,2024/1/25 0:20,41,79,15,新疆克孜勒苏州阿合奇县
4,2024/1/24 23:04,41,79,18,新疆克孜勒苏州阿合奇县
4,2024/1/24 23:01,41,79,22,新疆克孜勒苏州阿合奇县
3,2024/1/24 23:00,41,78,15,新疆克孜勒苏州阿合奇县
3,2024/1/24 20:36,41,79,15,新疆阿克苏地区乌什县
3,2024/1/24 17:43,41,79,15,新疆克孜勒苏州阿合奇县
3,2024/1/24 17:30,41,79,15,新疆克孜勒苏州阿合奇县
3,2024/1/24 16:04,41,79,20,新疆克孜勒苏州阿合奇县
3,2024/1/24 15:04,41,79,18,新疆克孜勒苏州阿合奇县
3,2024/1/24 14:51,41,79,18,新疆阿克苏地区乌什县
3,2024/1/24 14:29,41,79,15,新疆阿克苏地区乌什县
3,2024/1/24 12:58,41,79,10,新疆克孜勒苏州阿合奇县
3,2024/1/24 11:56,41,79,15,新疆克孜勒苏州阿合奇县
4,2024/1/24 10:54,41,79,10,新疆克孜勒苏州阿合奇县
3,2024/1/24 10:16,41,79,10,新疆克孜勒苏州阿合奇县
3,2024/1/24 9:59,41,79,10,新疆阿克苏地区乌什县
4,2024/1/24 9:35,41,79,10,新疆阿克苏地区乌什县
3,2024/1/24 8:15,41,79,10,新疆克孜勒苏州阿合奇县
3,2024/1/23 19:31,41,79,10,新疆克孜勒苏州阿合奇县
4,2024/1/23 19:07,41,79,10,新疆阿克苏地区乌什县
3,2024/1/23 18:05,41,79,10,新疆克孜勒苏州阿合奇县
3,2024/1/23 17:47,41,79,10,新疆克孜勒苏州阿合奇县
4,2024/1/23 17:24,41,79,10,新疆阿克苏地区乌什县
4,2024/1/23 17:23,41,79,10,新疆克孜勒苏州阿合奇县
4,2024/1/23 17:10,41,79,10,新疆克孜勒苏州阿合奇县
5,2024/1/23 17:07,41,79,10,新疆克孜勒苏州阿合奇县
3,2024/1/23 16:31,41,79,10,新疆克孜勒苏州阿合奇县
3,2024/1/23 15:31,41,79,10,新疆克孜勒苏州阿合奇县
4,2024/1/23 15:19,41,79,10,新疆克孜勒苏州阿合奇县
3,2024/1/23 15:12,41,79,10,新疆克孜勒苏州阿合奇县
3,2024/1/23 15:06,41,79,10,新疆克孜勒苏州阿合奇县
3,2024/1/23 14:45,41,79,10,新疆阿克苏地区乌什县
3,2024/1/23 14:41,41,79,10,新疆克孜勒苏州阿合奇县
3,2024/1/23 13:33,41,79,10,新疆克孜勒苏州阿合奇县
3,2024/1/23 12:58,41,79,10,新疆阿克苏地区乌什县
3,2024/1/23 12:56,41,79,10,新疆克孜勒苏州阿合奇县
4,2024/1/23 12:30,41,79,10,新疆克孜勒苏州阿合奇县
4,2024/1/23 12:25,41,79,10,新疆克孜勒苏州阿合奇县
3,2024/1/23 12:21,41,79,10,新疆阿克苏地区乌什县
3,2024/1/23 12:13,41,79,10,新疆克孜勒苏州阿合奇县
5,2024/1/23 12:01,41,79,10,新疆阿克苏地区乌什县
4,2024/1/23 11:52,41,79,20,新疆阿克苏地区乌什县
3,2024/1/23 11:15,41,79,10,新疆阿克苏地区乌什县
4,2024/1/23 6:20,41,79,16,新疆克孜勒苏州阿合奇县
3,2024/1/23 6:08,41,79,18,新疆阿克苏地区乌什县
3,2024/1/23 6:00,41,79,11,新疆克孜勒苏州阿合奇县
3,2024/1/23 5:50,41,79,15,新疆阿克苏地区乌什县
4,2024/1/23 5:49,41,79,11,新疆克孜勒苏州阿合奇县
5,2024/1/23 5:43,41,79,13,新疆克孜勒苏州阿合奇县
3,2024/1/23 5:40,41,79,10,新疆克孜勒苏州阿合奇县
4,2024/1/23 5:38,41,79,12,新疆阿克苏地区乌什县
3,2024/1/23 5:25,41,79,20,新疆克孜勒苏州阿合奇县
3,2024/1/23 5:21,41,79,20,新疆克孜勒苏州阿合奇县
4,2024/1/23 5:16,41,79,20,新疆克孜勒苏州阿合奇县
3,2024/1/23 5:04,41,79,20,新疆克孜勒苏州阿合奇县
5,2024/1/23 4:57,41,79,20,新疆阿克苏地区乌什县
3,2024/1/23 4:48,41,79,20,新疆克孜勒苏州阿合奇县
3,2024/1/23 4:43,41,79,20,新疆克孜勒苏州阿合奇县
5,2024/1/23 4:29,41,79,20,新疆克孜勒苏州阿合奇县
3,2024/1/23 4:25,41,79,20,新疆克孜勒苏州阿合奇县
3,2024/1/23 4:18,41,79,20,新疆克孜勒苏州阿合奇县
3,2024/1/23 4:08,41,79,20,新疆克孜勒苏州阿合奇县
3,2024/1/23 3:59,41,79,20,新疆克孜勒苏州阿合奇县
3,2024/1/23 3:59,40,113,8,山西大同市左云县
3,2024/1/23 3:40,41,79,20,新疆克孜勒苏州阿合奇县
5,2024/1/23 3:36,41,79,20,新疆克孜勒苏州阿合奇县
3,2024/1/23 3:30,41,79,20,新疆阿克苏地区乌什县
3,2024/1/23 3:21,41,79,13,新疆克孜勒苏州阿合奇县
3,2024/1/23 3:20,41,79,14,新疆阿克苏地区乌什县
3,2024/1/23 3:17,41,79,20,新疆阿克苏地区乌什县
4,2024/1/23 3:14,41,79,20,新疆克孜勒苏州阿合奇县
5,2024/1/23 2:50,41,79,17,新疆阿克苏地区乌什县
5,2024/1/23 2:42,41,79,14,新疆阿克苏地区乌什县
5,2024/1/23 2:32,41,78,23,新疆克孜勒苏州阿合奇县
4,2024/1/23 2:17,41,78,20,新疆克孜勒苏州阿合奇县
3,2024/1/23 2:16,41,79,20,新疆克孜勒苏州阿合奇县
5,2024/1/23 2:14,41,79,20,新疆阿克苏地区乌什县
7,2024/1/23 2:09,41,79,22,新疆阿克苏地区乌什县
3,2024/1/22 22:23,39,97,10,甘肃酒泉市肃北县
3,2024/1/22 17:00,38,75,137,新疆克孜勒苏州阿克陶县
5,2024/1/22 12:33,42,81,16,新疆阿克苏地区拜城县
4,2024/1/20 1:41,28,105,9,四川宜宾市兴文县
4,2024/1/20 1:25,38,90,10,新疆巴音郭楞州若羌县
3,2024/1/19 13:02,29,103,16,四川乐山市峨边县
3,2024/1/19 6:24,29,103,12,四川乐山市峨边县
3,2024/1/18 1:55,40,77,15,新疆克孜勒苏州阿图什市
3,2024/1/17 16:45,33,120,9,江苏盐城市东台市
3,2024/1/16 16:45,30,92,10,西藏林芝市工布江达县
3,2024/1/16 10:06,29,105,8,四川宜宾市江安县
3,2024/1/15 21:05,40,75,10,新疆克孜勒苏州乌恰县
3,2024/1/13 13:25,36,103,8,甘肃临夏州积石山县
3,2024/1/12 9:29,41,84,10,新疆阿克苏地区库车市
3,2024/1/12 0:55,38,77,10,新疆喀什地区莎车县
3,2024/1/10 22:46,36,103,10,甘肃临夏州积石山县
3,2024/1/10 2:46,38,84,17,新疆和田地区民丰县
3,2024/1/10 1:26,38,84,20,新疆和田地区民丰县
3,2024/1/9 2:36,41,84,14,新疆巴音郭楞州尉犁县
3,2024/1/9 2:08,44,85,23,新疆塔城地区乌苏市
4,2024/1/9 2:07,44,85,22,新疆塔城地区乌苏市
3,2024/1/9 0:21,28,101,11,四川凉山州盐源县
4,2024/1/8 3:48,39,97,12,甘肃酒泉市肃北县
4,2024/1/5 1:37,41,84,15,新疆阿克苏地区库车市
4,2024/1/4 22:29,21,109,9,广西北海市银海区海域
2,2024/1/4 2:49,41,114,10,河北张家口市张北县
4,2024/1/3 18:08,25,117,13,福建漳州市华安县
3,2024/1/1 7:04,32,104,16,四川绵阳市安州区
5,2023/12/31 22:27,37,105,10,甘肃白银市平川区
3,2023/12/31 14:07,29,104,8,四川自贡市荣县
3,2023/12/30 10:15,37,122,12,山东威海市荣成市海域
3,2023/12/30 2:44,39,78,15,新疆喀什地区巴楚县
3,2023/12/28 19:51,25,99,10,云南保山市施甸县
3,2023/12/28 5:15,43,94,10,新疆哈密市伊州区
3,2023/12/27 4:22,32,105,10,四川广元市青川县
3,2023/12/27 0:08,36,103,10,甘肃临夏州积石山县
3,2023/12/26 18:11,40,76,20,新疆克孜勒苏州阿图什市
3,2023/12/25 14:48,41,84,10,新疆阿克苏地区库车市
3,2023/12/25 4:23,39,102,13,甘肃金昌市金川区
3,2023/12/24 22:28,40,78,17,新疆克孜勒苏州阿图什市
3,2023/12/24 19:51,38,75,142,新疆克孜勒苏州阿克陶县
3,2023/12/24 16:39,40,119,11,河北唐山市滦州市
3,2023/12/23 18:37,41,83,25,新疆阿克苏地区沙雅县
3,2023/12/23 10:31,45,89,14,新疆昌吉州吉木萨尔县
3,2023/12/22 22:16,41,84,10,新疆巴音郭楞州轮台县
3,2023/12/22 14:43,36,103,8,甘肃临夏州积石山县
3,2023/12/21 12:26,41,84,12,新疆阿克苏地区库车市
4,2023/12/21 4:02,36,103,8,甘肃临夏州积石山县
3,2023/12/20 0:32,36,103,9,甘肃临夏州积石山县
3,2023/12/19 21:49,28,105,8,四川宜宾市长宁县
6,2023/12/19 9:46,40,78,10,新疆克孜勒苏州阿图什市
3,2023/12/19 2:10,36,103,10,甘肃临夏州积石山县
3,2023/12/19 1:20,36,103,10,甘肃临夏州积石山县
3,2023/12/19 1:10,36,103,10,甘肃临夏州积石山县
4,2023/12/19 0:59,36,103,10,甘肃临夏州积石山县
3,2023/12/19 0:59,36,103,10,甘肃临夏州积石山县
3,2023/12/19 0:56,36,103,10,甘肃临夏州积石山县
3,2023/12/19 0:43,36,103,10,甘肃临夏州积石山县
4,2023/12/19 0:36,36,103,10,甘肃临夏州积石山县
4,2023/12/19 0:24,36,103,10,甘肃临夏州积石山县
6,2023/12/18 23:59,36,103,10,甘肃临夏州积石山县
3,2023/12/17 12:17,37,76,80,新疆喀什地区叶城县
3,2023/12/16 6:39,39,77,10,新疆喀什地区巴楚县
4,2023/12/15 9:01,41,84,17,新疆巴音郭楞州尉犁县
2,2023/12/15 8:03,39,118,11,河北唐山市丰南区
4,2023/12/14 10:38,29,105,8,四川泸州市泸县
3,2023/12/14 5:21,40,118,9,河北唐山市遵化市
3,2023/12/13 23:33,33,88,10,西藏那曲市双湖县
3,2023/12/13 8:05,37,77,80,新疆喀什地区叶城县
3,2023/12/12 23:41,38,76,22,新疆克孜勒苏州阿克陶县
3,2023/12/12 3:59,40,75,10,新疆克孜勒苏州乌恰县
4,2023/12/9 14:19,24,123,40,台湾宜兰县海域
3,2023/12/8 9:47,38,78,22,新疆和田地区皮山县
4,2023/12/7 23:01,35,120,8,江苏连云港市赣榆区海域
3,2023/12/6 20:06,40,112,16,内蒙古呼和浩特市和林格尔县
3,2023/12/6 0:16,44,84,10,新疆塔城地区乌苏市
4,2023/12/5 8:48,38,75,136,新疆克孜勒苏州阿克陶县
3,2023/12/3 15:14,24,98,10,云南德宏州芒市
4,2023/12/2 2:24,24,98,10,云南德宏州芒市
4,2023/12/2 2:16,24,98,10,云南德宏州芒市
3,2023/12/2 1:44,24,98,10,云南德宏州芒市
5,2023/12/2 1:36,24,98,10,云南德宏州芒市
3,2023/12/1 23:51,39,97,11,甘肃酒泉市肃北县
3,2023/12/1 23:04,39,97,10,甘肃酒泉市肃北县
5,2023/12/1 22:55,39,97,9,甘肃酒泉市肃北县
3,2023/12/1 9:25,27,104,8,贵州毕节市威宁县
4,2023/12/1 4:36,28,105,8,四川宜宾市珙县
3,2023/11/30 20:17,40,106,15,内蒙古阿拉善盟阿拉善左旗
4,2023/11/30 19:25,40,106,21,内蒙古阿拉善盟阿拉善左旗
4,2023/11/30 3:44,38,112,28,山西太原市清徐县
3,2023/11/29 20:40,36,76,10,新疆喀什地区塔什库尔干县
3,2023/11/28 7:38,41,84,10,新疆阿克苏地区库车市
3,2023/11/28 7:30,25,106,10,贵州黔西南州贞丰县
4,2023/11/28 6:15,29,88,10,西藏日喀则市萨迦县
3,2023/11/27 22:46,25,103,10,云南玉溪市澄江市
3,2023/11/26 23:33,30,97,10,西藏昌都市八宿县
5,2023/11/26 12:31,24,123,18,台湾花莲县海域
4,2023/11/26 12:11,24,122,17,台湾花莲县海域
3,2023/11/26 5:02,41,83,20,新疆阿克苏地区沙雅县
4,2023/11/25 20:06,43,94,10,新疆哈密市伊州区
4,2023/11/24 13:33,38,106,13,宁夏银川市灵武市
4,2023/11/23 0:13,40,77,17,新疆喀什地区伽师县
3,2023/11/21 3:26,37,84,10,新疆和田地区民丰县
3,2023/11/18 17:48,37,106,15,宁夏中卫市海原县
3,2023/11/18 5:24,47,86,30,新疆塔城地区和布克赛尔县
4,2023/11/16 11:33,37,78,18,新疆和田地区皮山县
4,2023/11/16 1:27,42,83,10,新疆阿克苏地区拜城县
4,2023/11/15 22:17,45,80,10,新疆伊犁州霍尔果斯市
3,2023/11/14 5:38,41,78,10,新疆克孜勒苏州阿合奇县
4,2023/11/13 8:56,27,103,15,四川凉山州宁南县
3,2023/11/12 5:21,42,83,10,新疆阿克苏地区拜城县
5,2023/11/11 0:54,23,122,30,台湾台东县海域
3,2023/11/8 23:34,40,78,10,新疆克孜勒苏州阿合奇县
3,2023/11/8 19:13,41,78,10,新疆克孜勒苏州阿图什市
3,2023/11/8 7:25,34,89,8,西藏那曲市双湖县
3,2023/11/8 3:46,41,78,10,新疆克孜勒苏州阿图什市
3,2023/11/8 3:34,41,78,10,新疆克孜勒苏州阿图什市
4,2023/11/8 2:52,41,78,12,新疆克孜勒苏州阿图什市
4,2023/11/8 2:31,41,78,11,新疆克孜勒苏州阿合奇县
4,2023/11/8 2:15,41,78,11,新疆克孜勒苏州阿图什市
5,2023/11/8 2:09,40,78,10,新疆克孜勒苏州阿图什市
3,2023/11/7 10:07,42,86,10,新疆巴音郭楞州库尔勒市
3,2023/11/6 13:42,39,75,10,新疆克孜勒苏州阿克陶县
3,2023/11/5 12:59,39,97,14,甘肃酒泉市肃北县
4,2023/11/4 19:24,22,112,8,广东江门市恩平市
4,2023/10/31 19:13,41,84,36,新疆阿克苏地区沙雅县
3,2023/10/31 10:01,39,117,10,河北廊坊市安次区
4,2023/10/31 8:40,36,84,10,新疆和田地区民丰县
4,2023/10/31 6:24,37,84,10,新疆和田地区民丰县
4,2023/10/31 2:12,41,83,22,新疆阿克苏地区库车市
4,2023/10/30 20:30,41,84,16,新疆巴音郭楞州尉犁县
3,2023/10/30 16:56,41,83,20,新疆阿克苏地区沙雅县
3,2023/10/30 7:00,41,84,10,新疆阿克苏地区沙雅县
3,2023/10/30 6:39,41,84,10,新疆阿克苏地区沙雅县
3,2023/10/30 4:53,40,83,25,新疆阿克苏地区沙雅县
3,2023/10/29 20:58,37,84,10,新疆和田地区民丰县
3,2023/10/29 1:34,42,87,20,新疆巴音郭楞州和硕县
3,2023/10/29 0:26,41,83,16,新疆阿克苏地区沙雅县
3,2023/10/28 5:30,45,93,10,新疆哈密市巴里坤县
4,2023/10/28 1:10,37,84,10,新疆和田地区民丰县
3,2023/10/28 0:16,32,88,10,西藏那曲市申扎县
3,2023/10/27 13:03,39,97,10,甘肃酒泉市肃北县
4,2023/10/27 12:38,37,84,10,新疆和田地区民丰县
3,2023/10/27 2:34,38,101,8,青海海北州门源县
3,2023/10/26 4:18,37,84,10,新疆和田地区民丰县
4,2023/10/26 2:35,37,84,10,新疆和田地区民丰县
4,2023/10/26 2:03,39,97,11,甘肃酒泉市肃北县
3,2023/10/26 0:38,36,84,10,新疆和田地区民丰县
3,2023/10/26 0:35,37,84,10,新疆和田地区民丰县
3,2023/10/25 23:55,37,84,10,新疆和田地区民丰县
4,2023/10/25 23:52,37,84,10,新疆和田地区民丰县
3,2023/10/25 23:50,37,84,10,新疆和田地区民丰县
3,2023/10/25 19:34,37,84,10,新疆和田地区民丰县
4,2023/10/25 12:48,43,128,10,吉林延边州敦化市
3,2023/10/25 3:33,39,97,10,甘肃酒泉市肃北县
4,2023/10/25 2:02,34,88,10,西藏那曲市双湖县
3,2023/10/25 1:00,37,84,10,新疆和田地区民丰县
6,2023/10/24 19:32,39,97,10,甘肃酒泉市肃北县
3,2023/10/24 11:50,41,84,10,新疆阿克苏地区库车市
4,2023/10/24 10:54,24,123,10,台湾花莲县海域
6,2023/10/24 7:05,24,123,10,台湾花莲县海域
3,2023/10/24 6:47,31,87,10,西藏那曲市尼玛县
4,2023/10/23 21:19,23,121,25,台湾台东县海域
4,2023/10/23 16:43,32,88,8,西藏那曲市申扎县
5,2023/10/23 14:10,34,91,10,青海海西州唐古拉地区
3,2023/10/23 12:04,39,97,8,甘肃酒泉市肃北县
5,2023/10/23 3:20,23,117,10,广东汕头市南澳县海域
5,2023/10/22 23:14,39,97,10,甘肃酒泉市肃北县
3,2023/10/21 17:08,35,104,10,甘肃甘南州临潭县
3,2023/10/21 4:50,37,84,10,新疆和田地区民丰县
3,2023/10/21 3:52,36,84,20,新疆和田地区民丰县
3,2023/10/20 17:56,40,83,25,新疆阿克苏地区沙雅县
3,2023/10/20 9:12,37,84,11,新疆和田地区民丰县
3,2023/10/20 8:52,37,84,10,新疆和田地区民丰县
3,2023/10/20 5:04,24,99,14,云南临沧市永德县
4,2023/10/19 17:59,41,84,12,新疆阿克苏地区库车市
3,2023/10/18 22:49,36,78,10,新疆和田地区皮山县
3,2023/10/18 10:07,22,112,10,广东阳江市江城区
3,2023/10/17 16:01,41,83,10,新疆阿克苏地区库车市
3,2023/10/17 2:40,31,101,14,四川甘孜州炉霍县
3,2023/10/16 15:30,30,102,12,四川甘孜州泸定县
3,2023/10/16 11:07,22,112,13,广东阳江市阳西县
3,2023/10/15 18:50,35,90,9,青海海西州唐古拉地区
3,2023/10/15 5:53,32,79,10,西藏阿里地区札达县
3,2023/10/15 2:22,36,90,9,西藏那曲市安多县
4,2023/10/14 22:04,24,122,19,台湾花莲县海域
5,2023/10/14 15:53,24,122,20,台湾花莲县海域
2,2023/10/13 8:37,39,120,8,河北唐山市乐亭县海域
3,2023/10/12 22:02,41,83,10,新疆阿克苏地区库车市
5,2023/10/11 18:36,23,121,14,台湾花莲县
3,2023/10/11 8:15,41,84,10,新疆阿克苏地区库车市
4,2023/10/9 3:46,31,86,25,西藏那曲市尼玛县
5,2023/10/9 0:17,42,82,10,新疆阿克苏地区拜城县
3,2023/10/8 21:37,32,79,10,西藏阿里地区札达县
3,2023/10/8 12:33,39,79,26,新疆喀什地区巴楚县
3,2023/10/8 0:15,42,82,15,新疆阿克苏地区拜城县
3,2023/10/7 21:21,32,116,15,安徽六安市裕安区
4,2023/10/7 14:04,42,82,25,新疆阿克苏地区拜城县
4,2023/10/7 13:09,42,82,21,新疆阿克苏地区拜城县
3,2023/10/5 23:29,38,75,92,新疆喀什地区塔什库尔干县
3,2023/10/5 1:52,40,83,24,新疆阿克苏地区沙雅县
3,2024/9/29 11:49,38,116,10,河北衡水市武强县
4,2024/9/28 7:29,41,84,15,新疆阿克苏地区库车市
3,2024/9/28 1:52,34,86,10,西藏那曲市尼玛县
4,2024/9/26 23:02,41,84,18,新疆巴音郭楞州尉犁县
4,2024/9/26 6:41,41,84,18,新疆巴音郭楞州尉犁县
3,2024/9/26 2:26,41,83,18,新疆阿克苏地区库车市
4,2024/9/25 19:53,42,89,21,新疆吐鲁番市托克逊县
4,2024/9/25 19:29,32,118,12,安徽合肥市肥东县
3,2024/9/25 18:15,38,106,10,宁夏银川市金凤区
3,2024/9/24 12:36,30,104,8,四川乐山市井研县
3,2024/9/24 11:18,41,84,15,新疆巴音郭楞州尉犁县
4,2024/9/23 23:37,23,100,10,云南临沧市双江县
3,2024/9/23 21:52,41,84,10,新疆巴音郭楞州尉犁县
4,2024/9/23 19:20,41,84,15,新疆阿克苏地区库车市
4,2024/9/23 12:30,41,84,20,新疆巴音郭楞州尉犁县
3,2024/9/29 11:49,38,116,10,河北衡水市武强县
4,2024/9/28 7:29,41,84,15,新疆阿克苏地区库车市
3,2024/9/28 1:52,34,86,10,西藏那曲市尼玛县
4,2024/9/26 23:02,41,84,18,新疆巴音郭楞州尉犁县
4,2024/9/26 6:41,41,84,18,新疆巴音郭楞州尉犁县
3,2024/9/26 2:26,41,83,18,新疆阿克苏地区库车市
4,2024/9/25 19:53,42,89,21,新疆吐鲁番市托克逊县
4,2024/9/25 19:29,32,118,12,安徽合肥市肥东县
3,2024/9/25 18:15,38,106,10,宁夏银川市金凤区
3,2024/9/24 12:36,30,104,8,四川乐山市井研县
3,2024/9/24 11:18,41,84,15,新疆巴音郭楞州尉犁县
4,2024/9/23 23:37,23,100,10,云南临沧市双江县
3,2024/9/23 21:52,41,84,10,新疆巴音郭楞州尉犁县
4,2024/9/23 19:20,41,84,15,新疆阿克苏地区库车市
4,2024/9/23 12:30,41,84,20,新疆巴音郭楞州尉犁县
4,2024/9/22 0:58,32,88,10,西藏那曲市申扎县
5,2024/9/21 18:51,24,122,20,台湾花莲县
4,2024/9/18 23:09,24,122,10,台湾花莲县海域
5,2024/9/18 20:08,32,118,12,安徽合肥市肥东县
3,2024/9/18 7:52,44,85,15,新疆塔城地区沙湾市
5,2024/9/17 16:33,44,88,32,新疆乌鲁木齐市达坂城区
5,2024/9/15 16:17,41,84,14,新疆巴音郭楞州尉犁县
4,2024/9/14 9:16,28,105,10,四川宜宾市珙县
4,2024/9/14 5:12,32,118,10,安徽合肥市肥东县
5,2024/9/14 2:29,31,87,14,西藏那曲市尼玛县
3,2024/9/14 1:32,41,79,15,新疆克孜勒苏州阿合奇县
4,2024/9/13 20:27,34,85,26,西藏阿里地区改则县
4,2024/9/13 18:01,34,82,10,西藏阿里地区日土县
3,2024/9/13 14:30,41,84,20,新疆巴音郭楞州尉犁县
4,2024/9/13 6:04,32,85,10,西藏那曲市尼玛县
3,2024/9/13 3:38,23,101,10,云南普洱市宁洱县
3,2024/9/13 2:19,41,84,10,新疆阿克苏地区库车市
4,2024/9/11 21:26,39,122,10,辽宁大连市普兰店区
3,2024/9/9 11:05,41,83,18,新疆阿克苏地区库车市
5,2024/9/7 13:16,24,122,20,台湾花莲县海域
4,2024/9/6 18:21,35,84,10,西藏阿里地区改则县
3,2024/9/6 2:22,35,114,15,河南新乡市辉县市
2,2024/9/4 12:44,40,119,15,河北唐山市滦州市
4,2024/9/4 4:34,35,84,10,西藏阿里地区改则县
4,2024/9/3 23:46,41,78,10,新疆克孜勒苏州阿合奇县
5,2024/9/2 16:26,24,122,20,台湾花莲县海域
4,2024/9/2 7:16,40,83,34,新疆阿克苏地区沙雅县
3,2024/9/2 5:21,43,85,15,新疆巴音郭楞州和静县
3,2024/9/1 14:53,30,101,15,四川甘孜州雅江县
2,2024/9/1 6:11,40,118,9,河北唐山市开平区
4,2024/9/1 4:57,41,110,15,内蒙古包头市昆都仑区
4,2024/9/1 2:21,24,122,10,台湾花莲县海域
3,2024/8/31 18:40,28,105,10,四川宜宾市兴文县
3,2024/8/31 2:00,40,119,14,河北唐山市滦州市
2,2024/8/30 12:25,37,102,9,青海海东市平安区(有感）
3,2024/8/30 4:48,37,87,20,新疆巴音郭楞州且末县
3,2024/8/30 2:37,42,81,10,新疆阿克苏地区温宿县
3,2024/8/29 23:31,41,84,15,新疆巴音郭楞州轮台县
4,2024/8/29 4:14,24,122,25,台湾花莲县海域
4,2024/8/28 5:15,24,101,10,云南普洱市景谷县
3,2024/8/27 3:44,41,84,14,新疆阿克苏地区库车市
3,2024/8/26 9:09,41,83,20,新疆阿克苏地区库车市
3,2024/8/25 15:18,25,99,10,云南保山市隆阳区
3,2024/8/25 15:02,41,84,16,新疆阿克苏地区库车市
3,2024/8/25 14:58,41,84,12,新疆阿克苏地区库车市
3,2024/8/23 15:41,41,84,19,新疆巴音郭楞州尉犁县
3,2024/8/23 11:01,43,86,15,新疆巴音郭楞州和静县
3,2024/8/22 13:13,41,84,20,新疆阿克苏地区库车市
3,2024/8/22 9:37,41,84,20,新疆阿克苏地区库车市
3,2024/8/22 9:11,41,84,18,新疆阿克苏地区库车市
5,2024/8/22 7:38,41,84,15,新疆阿克苏地区库车市
4,2024/8/22 5:14,41,79,10,新疆阿克苏地区乌什县
5,2024/8/20 23:04,23,101,10,云南普洱市思茅区
3,2024/8/18 21:07,34,121,17,江苏盐城市大丰区海域
3,2024/8/18 18:21,41,79,15,新疆阿克苏地区乌什县
3,2024/8/18 12:17,33,120,8,江苏泰州市兴化市
4,2024/8/17 21:10,24,122,10,台湾宜兰县海域
4,2024/8/17 6:19,24,122,18,台湾花莲县
3,2024/8/17 4:24,41,84,17,新疆巴音郭楞州尉犁县
6,2024/8/16 7:35,24,122,16,台湾花莲县海域
3,2024/8/16 5:40,33,85,10,西藏阿里地区改则县
4,2024/8/15 17:33,24,122,9,台湾宜兰县
5,2024/8/15 17:06,24,122,20,台湾宜兰县
3,2024/8/15 11:51,41,84,15,新疆阿克苏地区库车市
3,2024/8/15 7:38,28,104,11,云南昭通市永善县
3,2024/8/14 22:42,27,100,9,云南丽江市古城区
4,2024/8/14 9:36,41,84,20,新疆巴音郭楞州尉犁县
4,2024/8/14 9:34,41,84,21,新疆巴音郭楞州尉犁县
3,2024/8/14 1:45,43,85,15,新疆巴音郭楞州和静县
4,2024/8/13 20:08,28,101,19,四川凉山州木里县
4,2024/8/10 23:16,41,84,10,新疆阿克苏地区库车市
4,2024/8/9 4:06,44,86,20,新疆昌吉州呼图壁县
3,2024/8/8 21:32,25,102,10,云南楚雄州牟定县
4,2024/8/8 15:13,39,74,10,新疆克孜勒苏州阿克陶县
3,2024/8/7 10:44,30,102,9,四川甘孜州泸定县
3,2024/8/6 9:32,40,77,10,新疆克孜勒苏州阿图什市
3,2024/8/6 5:59,38,75,152,新疆克孜勒苏州阿克陶县
3,2024/8/5 22:24,39,92,9,青海海西州茫崖市
3,2024/8/5 3:09,32,101,10,四川阿坝州壤塘县
3,2024/8/4 0:28,30,87,10,西藏日喀则市昂仁县
3,2024/8/3 5:25,41,84,18,新疆巴音郭楞州尉犁县
4,2024/8/3 5:19,41,84,21,新疆巴音郭楞州尉犁县
3,2024/8/3 5:16,41,84,20,新疆巴音郭楞州尉犁县
3,2024/8/2 17:53,27,101,10,云南丽江市宁蒗县
3,2024/8/2 6:14,39,92,11,青海海西州茫崖市
3,2024/8/2 0:18,29,106,8,四川泸州市泸县
3,2024/8/1 11:18,28,105,10,四川宜宾市兴文县
2,2024/8/1 9:09,36,114,15,河北邯郸市磁县
3,2024/8/1 7:20,28,101,8,四川凉山州木里县
3,2024/7/31 8:39,28,101,11,四川凉山州木里县
3,2024/7/30 17:27,27,101,10,云南丽江市宁蒗县
4,2024/7/30 16:24,38,94,9,青海海西州茫崖市
3,2024/7/30 15:35,32,93,10,西藏那曲市聂荣县
3,2024/7/30 9:59,41,84,16,新疆阿克苏地区库车市
4,2024/7/30 9:27,30,99,10,西藏昌都市芒康县
3,2024/7/30 4:42,22,112,13,广东阳江市江城区
4,2024/7/29 22:50,25,99,10,云南保山市隆阳区
3,2024/7/29 1:47,44,82,30,新疆伊犁州尼勒克县
3,2024/7/28 5:41,41,84,21,新疆巴音郭楞州尉犁县
3,2024/7/28 5:22,33,87,10,西藏那曲市双湖县
5,2024/7/27 19:21,22,121,28,台湾屏东县海域
4,2024/7/26 20:50,34,86,10,西藏那曲市尼玛县
4,2024/7/26 10:23,24,122,10,台湾花莲县海域
4,2024/7/25 9:27,41,84,21,新疆巴音郭楞州尉犁县
3,2024/7/24 18:18,41,84,22,新疆巴音郭楞州尉犁县
4,2024/7/24 16:39,41,84,25,新疆巴音郭楞州尉犁县
4,2024/7/24 11:31,40,77,17,新疆克孜勒苏州阿图什市
5,2024/7/24 7:55,26,105,10,贵州六盘水市水城区
4,2024/7/23 20:22,24,98,13,云南德宏州芒市
3,2024/7/23 13:30,41,84,21,新疆巴音郭楞州尉犁县
3,2024/7/23 9:22,33,89,10,西藏那曲市双湖县
3,2024/7/23 5:14,41,83,18,新疆阿克苏地区库车市
3,2024/7/22 23:02,33,88,10,西藏那曲市双湖县
3,2024/7/22 6:50,33,116,8,安徽亳州市利辛县
3,2024/7/21 13:52,38,78,13,新疆喀什地区叶城县
3,2024/7/21 9:24,41,78,15,新疆克孜勒苏州阿合奇县
5,2024/7/21 2:10,43,85,14,新疆巴音郭楞州和静县
5,2024/7/20 22:18,41,84,14,新疆巴音郭楞州尉犁县
4,2024/7/20 10:07,40,77,17,新疆克孜勒苏州阿图什市
5,2024/7/20 9:56,41,84,18,新疆巴音郭楞州尉犁县
3,2024/7/20 6:21,34,87,10,西藏那曲市尼玛县
4,2024/7/19 14:22,24,98,14,云南德宏州芒市
3,2024/7/19 0:24,27,103,14,云南昭通市巧家县
3,2024/7/18 18:50,41,84,10,新疆巴音郭楞州尉犁县
3,2024/7/18 18:05,30,87,10,西藏日喀则市昂仁县
4,2024/7/18 13:48,44,83,16,新疆博尔塔拉州精河县
3,2024/7/17 12:23,28,101,11,四川凉山州木里县
3,2024/7/17 4:14,41,84,15,新疆巴音郭楞州尉犁县
3,2024/7/17 3:57,41,84,10,新疆巴音郭楞州尉犁县
4,2024/7/17 1:29,41,84,10,新疆巴音郭楞州尉犁县
3,2024/7/15 6:05,41,84,15,新疆巴音郭楞州尉犁县
4,2024/7/15 5:58,41,84,17,新疆巴音郭楞州尉犁县
3,2024/7/15 5:44,41,84,14,新疆巴音郭楞州尉犁县
3,2024/7/14 6:49,30,87,10,西藏日喀则市昂仁县
3,2024/7/13 7:39,41,84,15,新疆巴音郭楞州尉犁县
4,2024/7/12 22:35,41,84,17,新疆巴音郭楞州尉犁县
3,2024/7/12 21:57,41,84,12,新疆巴音郭楞州尉犁县
4,2024/7/12 9:56,41,84,10,新疆巴音郭楞州尉犁县
3,2024/7/12 0:14,41,84,10,新疆巴音郭楞州尉犁县
2,2024/7/11 23:42,38,117,13,河北沧州市河间市
3,2024/7/11 8:49,42,82,20,新疆阿克苏地区拜城县
3,2024/7/11 6:12,41,84,10,新疆巴音郭楞州尉犁县
3,2024/7/11 3:49,30,87,10,西藏日喀则市昂仁县
3,2024/7/10 21:38,30,83,10,西藏日喀则市仲巴县
4,2024/7/10 21:34,41,84,15,新疆巴音郭楞州尉犁县
3,2024/7/10 4:05,40,77,24,新疆克孜勒苏州阿图什市
3,2024/7/10 3:17,34,87,10,西藏那曲市尼玛县
4,2024/7/8 16:07,33,120,8,江苏扬州市江都区
3,2024/7/7 16:02,41,83,24,新疆阿克苏地区沙雅县
3,2024/7/7 13:15,41,84,18,新疆巴音郭楞州尉犁县
3,2024/7/7 10:56,29,106,8,四川泸州市泸县
4,2024/7/6 13:34,27,101,10,云南丽江市永胜县
5,2024/7/5 6:04,41,84,20,新疆巴音郭楞州尉犁县
3,2024/7/5 0:51,43,83,10,新疆巴音郭楞州和静县
3,2024/7/4 14:02,41,84,10,新疆巴音郭楞州尉犁县
4,2024/7/3 14:10,41,84,15,新疆巴音郭楞州尉犁县
3,2024/7/3 9:04,25,107,10,贵州黔南州罗甸县
3,2024/6/30 21:46,41,84,17,新疆巴音郭楞州尉犁县
3,2024/6/28 19:06,42,81,15,新疆伊犁州昭苏县
3,2024/6/28 13:59,28,105,9,四川宜宾市长宁县
4,2024/6/28 10:53,26,107,8,贵州黔南州罗甸县
3,2024/6/28 3:38,40,74,10,新疆克孜勒苏州乌恰县
3,2024/6/28 0:08,27,101,10,云南丽江市永胜县
3,2024/6/27 12:29,41,79,13,新疆克孜勒苏州阿合奇县
4,2024/6/27 9:28,25,107,10,贵州黔南州罗甸县
4,2024/6/26 16:36,27,101,15,云南丽江市永胜县
3,2024/6/26 16:30,27,101,14,云南丽江市永胜县
5,2024/6/26 16:19,27,101,15,云南丽江市永胜县
3,2024/6/26 11:54,41,90,35,新疆巴音郭楞州若羌县
3,2024/6/26 6:48,25,107,10,贵州黔南州罗甸县
4,2024/6/25 13:25,41,84,15,新疆巴音郭楞州尉犁县
3,2024/6/25 13:25,41,84,15,新疆巴音郭楞州尉犁县
5,2024/6/24 13:36,41,84,18,新疆巴音郭楞州尉犁县
3,2024/6/24 12:59,41,84,10,新疆阿克苏地区库车市
3,2024/6/24 7:48,25,107,10,贵州黔南州罗甸县
4,2024/6/23 23:36,41,84,17,新疆巴音郭楞州尉犁县
5,2024/6/23 22:27,24,122,19,台湾花莲县海域
3,2024/6/23 22:11,34,86,10,西藏那曲市尼玛县
4,2024/6/23 20:42,34,86,10,西藏阿里地区改则县
5,2024/6/23 20:40,34,86,10,西藏那曲市尼玛县
3,2024/6/23 19:15,41,84,10,新疆巴音郭楞州尉犁县
4,2024/6/23 16:27,25,107,10,贵州黔南州罗甸县
3,2024/6/23 16:08,25,107,13,贵州黔南州罗甸县
3,2024/6/23 3:00,41,84,11,新疆巴音郭楞州尉犁县
3,2024/6/22 13:43,41,83,17,新疆阿克苏地区库车市
3,2024/6/21 1:52,25,107,10,贵州黔南州罗甸县
3,2024/6/21 1:18,25,107,8,贵州黔南州罗甸县
5,2024/6/20 19:36,40,78,10,新疆克孜勒苏州阿图什市
4,2024/6/20 0:59,41,84,18,新疆巴音郭楞州尉犁县
4,2024/6/18 21:42,35,88,10,西藏那曲市双湖县
3,2024/6/18 20:31,34,108,15,陕西宝鸡市扶风县
4,2024/6/18 11:46,24,122,19,台湾花莲县海域
4,2024/6/16 13:39,39,75,27,新疆克孜勒苏州阿克陶县
4,2024/6/16 12:15,43,81,20,新疆伊犁州察布查尔县
3,2024/6/15 22:24,40,77,18,新疆克孜勒苏州阿图什市
3,2024/6/15 9:52,29,105,11,四川自贡市大安区
4,2024/6/15 7:24,34,86,10,西藏那曲市尼玛县
3,2024/6/14 14:26,41,84,15,新疆巴音郭楞州尉犁县
3,2024/6/14 6:02,27,103,10,云南昭通市巧家县
3,2024/6/14 0:49,36,81,12,新疆和田地区策勒县
3,2024/6/13 3:22,35,88,10,西藏那曲市双湖县
3,2024/6/13 1:47,34,86,10,西藏那曲市尼玛县
3,2024/6/12 15:31,32,94,10,西藏那曲市巴青县
5,2024/6/12 11:48,34,97,10,四川甘孜州石渠县
4,2024/6/12 5:51,24,122,20,台湾花莲县海域
3,2024/6/11 20:43,41,84,10,新疆巴音郭楞州尉犁县
3,2024/6/11 2:35,41,83,19,新疆阿克苏地区库车市
5,2024/6/11 1:35,41,84,20,新疆巴音郭楞州尉犁县
3,2024/6/10 7:58,36,114,10,河北邯郸市磁县
3,2024/6/10 4:06,40,83,15,新疆阿克苏地区沙雅县
4,2024/6/10 0:01,34,87,10,西藏那曲市尼玛县
3,2024/6/9 12:35,28,93,10,西藏山南市错那市
4,2024/6/9 11:43,47,119,20,内蒙古锡林郭勒盟东乌珠穆沁旗
4,2024/6/8 11:16,26,118,8,福建三明市尤溪县
3,2024/6/8 5:50,46,118,15,内蒙古锡林郭勒盟东乌珠穆沁旗
3,2024/6/7 20:25,41,84,10,新疆阿克苏地区库车市
4,2024/6/7 20:23,32,101,11,四川阿坝州壤塘县
3,2024/6/6 17:50,41,84,14,新疆巴音郭楞州尉犁县
4,2024/6/6 15:04,41,84,10,新疆巴音郭楞州尉犁县
3,2024/6/6 12:08,41,84,13,新疆阿克苏地区库车市
3,2024/6/5 21:00,41,107,14,内蒙古巴彦淖尔市乌拉特后旗
4,2024/6/5 20:05,33,86,10,西藏那曲市尼玛县
3,2024/6/5 1:42,34,86,10,西藏那曲市尼玛县
4,2024/6/5 1:00,40,77,30,新疆克孜勒苏州阿图什市
3,2024/6/4 12:14,27,102,8,四川凉山州盐源县
4,2024/6/4 2:54,34,86,10,西藏那曲市尼玛县
3,2024/6/4 0:45,37,77,93,新疆喀什地区叶城县
4,2024/6/2 9:27,24,122,10,台湾花莲县海域
3,2024/6/1 20:37,34,86,10,西藏那曲市尼玛县
4,2024/6/1 18:58,34,86,10,西藏那曲市尼玛县
3,2024/6/1 11:15,35,87,10,西藏那曲市尼玛县
4,2024/6/1 10:59,34,86,10,西藏那曲市尼玛县
6,2024/6/1 8:46,34,86,8,西藏那曲市尼玛县
4,2024/6/1 8:32,24,122,10,台湾宜兰县海域
5,2024/6/1 1:10,24,122,10,台湾花莲县
3,2024/5/31 15:21,41,79,12,新疆阿克苏地区柯坪县
3,2024/5/31 7:24,41,79,16,新疆阿克苏地区柯坪县
4,2024/5/31 1:10,28,101,8,四川凉山州木里县
4,2024/5/30 23:52,24,122,32,台湾花莲县海域
3,2024/5/30 15:31,41,83,20,新疆阿克苏地区沙雅县
3,2024/5/30 11:24,37,82,10,新疆和田地区于田县
5,2024/5/30 9:11,24,122,32,台湾花莲县海域
4,2024/5/30 7:54,24,122,17,台湾花莲县海域
4,2024/5/30 6:45,41,83,20,新疆阿克苏地区沙雅县
3,2024/5/30 6:38,28,101,14,四川凉山州木里县
4,2024/5/29 9:05,41,84,16,新疆阿克苏地区库车市
4,2024/5/28 9:13,30,81,10,西藏阿里地区普兰县
3,2024/5/27 21:53,28,96,10,西藏林芝市察隅县
3,2024/5/27 18:47,28,101,10,四川凉山州木里县
4,2024/5/27 18:39,28,101,8,四川凉山州木里县
5,2024/5/27 18:37,28,101,8,四川凉山州木里县
3,2024/5/27 16:43,28,101,9,四川凉山州木里县
4,2024/5/27 16:25,28,101,9,四川凉山州木里县
5,2024/5/27 11:07,28,101,8,四川凉山州木里县
4,2024/5/27 7:02,31,86,10,西藏日喀则市昂仁县
4,2024/5/27 6:19,41,78,10,新疆克孜勒苏州阿合奇县
4,2024/5/27 1:54,38,75,125,新疆克孜勒苏州阿克陶县
3,2024/5/26 19:10,29,106,15,四川泸州市泸县
3,2024/5/26 6:03,37,77,90,新疆喀什地区叶城县
3,2024/5/25 17:28,41,84,13,新疆阿克苏地区库车市
4,2024/5/25 1:07,24,122,21,台湾花莲县海域
3,2024/5/24 21:15,32,96,9,青海玉树州囊谦县
3,2024/5/24 7:27,42,82,21,新疆阿克苏地区拜城县
3,2024/5/24 5:40,42,82,20,新疆阿克苏地区拜城县
3,2024/5/24 4:17,42,82,18,新疆阿克苏地区拜城县
3,2024/5/24 1:38,42,82,17,新疆阿克苏地区拜城县
4,2024/5/24 0:11,42,82,20,新疆阿克苏地区拜城县
4,2024/5/24 0:05,42,82,20,新疆阿克苏地区拜城县
3,2024/5/23 23:38,42,82,15,新疆阿克苏地区拜城县
3,2024/5/23 23:22,42,82,10,新疆阿克苏地区拜城县
3,2024/5/23 23:07,42,82,22,新疆阿克苏地区拜城县
3,2024/5/23 22:46,42,82,15,新疆阿克苏地区拜城县
5,2024/5/23 22:30,42,82,15,新疆阿克苏地区拜城县
5,2024/5/22 16:00,24,122,10,台湾花莲县海域
3,2024/5/22 12:22,40,83,10,新疆阿克苏地区沙雅县
3,2024/5/22 0:54,27,103,10,云南昭通市巧家县
3,2024/5/21 9:38,30,102,11,四川甘孜州泸定县
3,2024/5/21 7:39,30,102,11,四川甘孜州泸定县
4,2024/5/21 5:26,34,82,10,西藏阿里地区日土县
3,2024/5/21 2:31,41,79,11,新疆阿克苏地区乌什县
3,2024/5/20 15:19,40,77,19,新疆克孜勒苏州阿图什市
5,2024/5/20 13:10,40,77,19,新疆克孜勒苏州阿图什市
4,2024/5/19 8:45,42,79,15,新疆阿克苏地区乌什县
5,2024/5/19 3:38,36,77,10,新疆喀什地区叶城县
4,2024/5/19 3:35,40,114,13,山西大同市阳高县
3,2024/5/18 15:10,41,78,10,新疆克孜勒苏州阿合奇县
3,2024/5/16 15:56,39,97,8,甘肃酒泉市肃北县
3,2024/5/15 8:49,32,104,13,四川德阳市绵竹市
3,2024/5/13 4:11,28,101,11,四川凉山州木里县
3,2024/5/12 14:00,41,84,13,新疆阿克苏地区库车市
3,2024/5/12 13:52,41,84,13,新疆阿克苏地区库车市
3,2024/5/12 2:32,32,118,15,安徽合肥市肥东县
4,2024/5/11 17:44,24,122,17,台湾花莲县海域
4,2024/5/11 15:11,41,84,11,新疆阿克苏地区沙雅县
5,2024/5/11 13:16,24,122,8,台湾花莲县海域
2,2024/5/10 17:21,39,117,13,河北廊坊市大城县
6,2024/5/10 15:45,24,122,10,台湾花莲县海域
4,2024/5/10 9:52,38,75,10,新疆喀什地区塔什库尔干县
5,2024/5/10 9:37,24,122,10,台湾花莲县
5,2024/5/10 9:35,24,122,10,台湾花莲县海域
3,2024/5/9 15:33,33,87,10,西藏那曲市尼玛县
3,2024/5/9 9:42,41,83,14,新疆阿克苏地区库车市
4,2024/5/8 19:31,24,123,20,台湾花莲县海域
3,2024/5/8 18:47,40,77,30,新疆克孜勒苏州阿图什市
4,2024/5/8 16:40,24,122,9,台湾花莲县海域
4,2024/5/8 10:26,44,124,12,吉林松原市长岭县
5,2024/5/6 17:52,24,122,25,台湾花莲县海域
5,2024/5/6 17:45,24,122,20,台湾花莲县海域
3,2024/5/6 8:54,41,84,10,新疆阿克苏地区沙雅县
3,2024/5/2 22:18,41,84,10,新疆阿克苏地区库车市
5,2024/5/2 10:07,23,121,10,台湾台东县海域
3,2024/5/2 7:09,42,82,20,新疆阿克苏地区拜城县
5,2024/5/2 3:17,41,78,10,新疆克孜勒苏州阿合奇县
3,2024/5/1 3:22,31,84,10,西藏日喀则市仲巴县
3,2024/4/30 11:11,41,79,10,新疆克孜勒苏州阿合奇县
3,2024/4/30 10:23,40,84,18,新疆阿克苏地区沙雅县
3,2024/4/30 7:52,33,108,10,陕西汉中市洋县
3,2024/4/29 21:55,28,93,10,西藏山南市隆子县
3,2024/4/29 20:06,41,78,10,新疆克孜勒苏州阿合奇县
4,2024/4/29 1:40,24,122,31,台湾花莲县海域
3,2024/4/28 20:09,41,79,10,新疆阿克苏地区乌什县
4,2024/4/28 19:31,41,79,14,新疆阿克苏地区乌什县
4,2024/4/28 11:43,38,123,30,黄海海域
3,2024/4/27 13:47,31,104,17,四川成都市彭州市
4,2024/4/27 3:13,24,122,25,台湾花莲县海域
5,2024/4/27 2:49,24,122,27,台湾花莲县海域
6,2024/4/27 2:21,24,122,30,台湾花莲县海域
5,2024/4/26 20:28,24,122,10,台湾花莲县
3,2024/4/26 13:48,41,84,20,新疆阿克苏地区库车市
3,2024/4/25 21:00,36,111,16,山西临汾市襄汾县
4,2024/4/25 17:24,41,79,10,新疆克孜勒苏州阿合奇县
3,2024/4/25 13:56,40,84,16,新疆阿克苏地区沙雅县
4,2024/4/25 9:23,24,122,10,台湾花莲县海域
4,2024/4/25 8:19,24,122,9,台湾花莲县海域
5,2024/4/25 2:11,24,122,10,台湾花莲县海域
3,2024/4/24 16:40,49,123,20,内蒙古呼伦贝尔市鄂伦春旗
4,2024/4/24 15:30,24,122,10,台湾花莲县海域
4,2024/4/24 13:05,25,100,10,云南大理州巍山县
4,2024/4/24 13:01,24,122,10,台湾花莲县海域
4,2024/4/24 0:02,24,122,14,台湾花莲县海域
3,2024/4/23 21:54,29,104,10,四川宜宾市屏山县
4,2024/4/23 20:40,24,122,8,台湾花莲县海域
3,2024/4/23 20:26,41,79,10,新疆克孜勒苏州阿合奇县
4,2024/4/23 13:08,24,122,10,台湾花莲县
4,2024/4/23 10:27,24,122,10,台湾花莲县
4,2024/4/23 10:23,24,122,10,台湾花莲县
5,2024/4/23 10:21,24,122,10,台湾花莲县海域
5,2024/4/23 9:45,24,122,10,台湾花莲县海域
6,2024/4/23 8:04,24,122,10,台湾花莲县
5,2024/4/23 5:31,24,122,10,台湾花莲县海域
5,2024/4/23 5:24,24,121,10,台湾花莲县
5,2024/4/23 5:19,24,122,10,台湾花莲县海域
5,2024/4/23 5:14,24,122,10,台湾花莲县
4,2024/4/23 5:11,24,122,10,台湾花莲县
5,2024/4/23 5:04,24,122,10,台湾花莲县
5,2024/4/23 4:52,24,121,8,台湾花莲县
6,2024/4/23 4:49,24,122,10,台湾花莲县海域
5,2024/4/23 4:03,24,122,10,台湾花莲县海域
5,2024/4/23 3:34,24,122,10,台湾花莲县海域
5,2024/4/23 3:19,24,122,10,台湾花莲县
6,2024/4/23 2:32,24,122,10,台湾花莲县
6,2024/4/23 2:26,24,122,10,台湾花莲县海域
4,2024/4/23 1:40,24,122,10,台湾花莲县
4,2024/4/23 0:33,24,122,12,台湾花莲县海域
6,2024/4/22 22:11,24,121,9,台湾花莲县
4,2024/4/22 21:42,24,122,10,台湾花莲县海域
5,2024/4/22 21:13,24,122,10,台湾花莲县
4,2024/4/22 21:08,42,83,15,新疆阿克苏地区拜城县
4,2024/4/22 21:00,24,122,10,台湾花莲县海域
5,2024/4/22 19:45,24,122,10,台湾花莲县海域
5,2024/4/22 19:44,24,122,10,台湾花莲县海域
5,2024/4/22 19:34,24,122,10,台湾花莲县
5,2024/4/22 19:25,24,121,10,台湾花莲县
5,2024/4/22 19:25,24,122,10,台湾花莲县
4,2024/4/22 19:22,24,122,10,台湾花莲县海域
5,2024/4/22 19:13,24,122,11,台湾花莲县海域
4,2024/4/22 19:10,24,122,8,台湾花莲县海域
6,2024/4/22 18:50,24,122,10,台湾花莲县
5,2024/4/22 18:49,24,122,10,台湾花莲县海域
5,2024/4/22 18:46,24,122,10,台湾花莲县海域
5,2024/4/22 17:52,24,122,9,台湾花莲县海域
5,2024/4/22 17:17,24,121,10,台湾花莲县
5,2024/4/22 17:15,24,121,10,台湾花莲县
5,2024/4/22 17:12,24,122,8,台湾花莲县
5,2024/4/22 17:08,24,122,10,台湾花莲县海域
3,2024/4/22 6:43,44,87,25,新疆乌鲁木齐市乌鲁木齐县（有感）
3,2024/4/22 6:12,44,87,21,新疆乌鲁木齐市乌鲁木齐县（有感）
3,2024/4/22 0:38,41,79,10,新疆阿克苏地区乌什县
5,2024/4/22 0:35,24,122,9,台湾花莲县
4,2024/4/21 15:20,40,74,11,新疆克孜勒苏州乌恰县
3,2024/4/21 11:47,39,75,10,新疆克孜勒苏州阿克陶县
5,2024/4/21 10:40,23,122,20,台湾花莲县海域
3,2024/4/21 10:09,38,76,100,新疆喀什地区塔什库尔干县
4,2024/4/20 9:44,34,82,10,西藏阿里地区日土县
4,2024/4/19 22:25,24,122,18,台湾宜兰县海域
4,2024/4/19 13:27,42,82,9,新疆阿克苏地区拜城县
3,2024/4/19 7:55,28,102,14,四川凉山州冕宁县
4,2024/4/19 5:54,25,100,10,云南大理州巍山县
3,2024/4/19 1:52,34,82,10,西藏阿里地区日土县
4,2024/4/19 1:44,34,82,10,西藏阿里地区日土县
5,2024/4/19 1:40,33,82,10,西藏阿里地区日土县
3,2024/4/18 23:33,38,76,135,新疆克孜勒苏州阿克陶县
3,2024/4/18 15:43,34,82,10,西藏阿里地区日土县
3,2024/4/18 10:13,34,85,10,西藏阿里地区改则县
3,2024/4/18 8:23,41,79,10,新疆阿克苏地区乌什县
4,2024/4/17 20:21,34,82,10,西藏阿里地区日土县
5,2024/4/17 17:17,24,122,23,台湾花莲县海域
5,2024/4/17 12:22,42,83,17,新疆阿克苏地区拜城县
3,2024/4/17 9:19,41,84,11,新疆阿克苏地区库车市
4,2024/4/17 6:47,45,125,10,吉林松原市宁江区
4,2024/4/17 2:59,24,122,18,台湾花莲县海域
3,2024/4/16 20:00,37,85,10,新疆巴音郭楞州且末县
3,2024/4/15 9:49,36,120,8,山东青岛市黄岛区
3,2024/4/14 11:04,34,82,10,西藏阿里地区日土县
4,2024/4/13 22:26,24,122,9,台湾花莲县
4,2024/4/13 20:38,24,122,8,台湾花莲县海域
3,2024/4/13 18:26,29,105,10,四川宜宾市南溪区
5,2024/4/13 13:44,34,82,10,西藏阿里地区日土县
4,2024/4/13 2:44,23,120,10,台湾嘉义县
5,2024/4/12 16:13,41,79,10,新疆克孜勒苏州阿合奇县
4,2024/4/12 13:04,33,82,10,西藏阿里地区日土县
3,2024/4/12 9:25,45,93,12,新疆哈密市巴里坤县
3,2024/4/11 8:42,42,83,18,新疆阿克苏地区拜城县
5,2024/4/11 2:53,42,83,13,新疆阿克苏地区拜城县
4,2024/4/11 0:55,24,122,12,台湾花莲县海域
6,2024/4/10 22:56,42,83,16,新疆阿克苏地区拜城县
5,2024/4/10 18:57,42,82,20,新疆阿克苏地区拜城县
5,2024/4/9 22:07,28,100,10,云南迪庆州香格里拉市
4,2024/4/9 17:22,40,98,11,甘肃张掖市肃南县
3,2024/4/9 15:06,42,82,19,新疆阿克苏地区拜城县
4,2024/4/9 12:10,42,83,18,新疆阿克苏地区库车市
4,2024/4/9 6:14,24,122,21,台湾花莲县海域
5,2024/4/9 2:02,24,122,28,台湾花莲县海域
5,2024/4/8 13:09,24,122,23,台湾花莲县海域
3,2024/4/8 7:20,42,82,20,新疆阿克苏地区拜城县
4,2024/4/8 7:16,42,82,17,新疆阿克苏地区拜城县
3,2024/4/8 7:15,42,82,20,新疆阿克苏地区拜城县
4,2024/4/8 6:49,24,122,25,台湾花莲县海域
5,2024/4/8 4:47,42,82,18,新疆阿克苏地区拜城县
4,2024/4/7 22:20,42,82,17,新疆阿克苏地区拜城县
4,2024/4/7 19:03,42,82,18,新疆阿克苏地区拜城县
3,2024/4/7 18:22,42,82,15,新疆阿克苏地区拜城县
5,2024/4/7 18:01,24,122,20,台湾花莲县海域
3,2024/4/7 17:48,42,82,17,新疆阿克苏地区拜城县
3,2024/4/7 17:45,42,82,17,新疆阿克苏地区拜城县
3,2024/4/7 16:53,42,82,15,新疆阿克苏地区拜城县
5,2024/4/7 16:46,42,82,17,新疆阿克苏地区拜城县
4,2024/4/7 16:44,42,82,22,新疆阿克苏地区拜城县
4,2024/4/7 5:15,24,122,17,台湾花莲县海域
5,2024/4/6 23:53,24,122,23,台湾花莲县海域
5,2024/4/6 18:47,24,122,25,台湾花莲县海域
5,2024/4/6 11:52,24,122,10,台湾花莲县海域
3,2024/4/6 11:12,32,105,18,四川绵阳市江油市
5,2024/4/6 10:29,27,103,10,云南昭通市鲁甸县
3,2024/4/6 9:48,41,79,12,新疆克孜勒苏州阿合奇县
4,2024/4/6 9:37,24,122,13,台湾花莲县海域
5,2024/4/6 4:26,24,122,21,台湾花莲县海域
4,2024/4/5 17:04,24,122,20,台湾花莲县海域
4,2024/4/5 15:03,41,84,13,新疆巴音郭楞州尉犁县
5,2024/4/5 14:12,24,122,8,台湾花莲县海域
5,2024/4/5 12:50,24,122,22,台湾花莲县海域
5,2024/4/5 2:35,24,122,26,台湾花莲县海域
5,2024/4/4 22:30,24,122,13,台湾花莲县海域
4,2024/4/4 13:00,24,122,23,台湾花莲县海域
3,2024/4/4 11:52,41,79,10,新疆阿克苏地区乌什县
4,2024/4/4 9:29,24,121,8,台湾花莲县
6,2024/4/4 8:39,38,91,10,青海海西州茫崖市
4,2024/4/4 6:46,24,122,20,台湾花莲县海域
4,2024/4/4 5:56,24,122,17,台湾花莲县海域
4,2024/4/4 3:46,24,122,10,台湾花莲县海域
5,2024/4/4 2:29,24,122,14,台湾花莲县海域
4,2024/4/3 23:42,24,122,10,台湾花莲县
4,2024/4/3 23:39,24,122,20,台湾花莲县海域
4,2024/4/3 22:49,24,122,19,台湾花莲县海域
4,2024/4/3 12:08,24,122,15,台湾花莲县海域
5,2024/4/3 11:57,24,122,19,台湾花莲县海域
5,2024/4/3 11:45,24,122,15,台湾花莲县海域
4,2024/4/3 11:35,24,122,10,台湾花莲县海域
4,2024/4/3 11:20,24,122,10,台湾花莲县海域
4,2024/4/3 10:38,24,122,10,台湾花莲县海域
5,2024/4/3 10:28,24,122,10,台湾花莲县海域
6,2024/4/3 10:14,24,122,10,台湾花莲县海域
4,2024/4/3 10:13,24,122,10,台湾花莲县海域
5,2024/4/3 9:53,24,122,10,台湾花莲县
5,2024/4/3 9:49,24,122,12,台湾花莲县海域
6,2024/4/3 9:39,24,122,10,台湾花莲县海域
4,2024/4/3 9:19,24,122,10,台湾花莲县海域
4,2024/4/3 9:17,24,122,11,台湾花莲县海域
5,2024/4/3 9:09,24,122,10,台湾花莲县海域
4,2024/4/3 9:07,24,122,9,台湾花莲县海域
4,2024/4/3 8:54,24,122,27,台湾花莲县海域
5,2024/4/3 8:50,24,122,11,台湾花莲县海域
6,2024/4/3 8:46,24,122,10,台湾花莲县海域
5,2024/4/3 8:43,24,122,10,台湾花莲县
6,2024/4/3 8:35,24,122,10,台湾花莲县
6,2024/4/3 8:11,24,122,10,台湾花莲县海域
7,2024/4/3 7:58,24,122,12,台湾花莲县海域
4,2024/4/3 3:26,23,120,8,台湾嘉义县
3,2024/4/2 20:06,32,104,18,四川阿坝州茂县
3,2024/4/2 12:24,32,104,15,四川阿坝州茂县
4,2024/4/1 6:55,44,82,21,新疆博尔塔拉州精河县
3,2024/3/31 15:56,29,96,10,西藏林芝市察隅县
3,2024/3/31 15:38,41,83,20,新疆阿克苏地区库车市
4,2024/3/31 5:52,41,84,15,新疆巴音郭楞州尉犁县
3,2024/3/30 19:46,40,83,11,新疆阿克苏地区沙雅县
3,2024/3/30 19:39,40,83,16,新疆阿克苏地区沙雅县
4,2024/3/30 19:21,40,83,15,新疆阿克苏地区沙雅县
3,2024/3/30 19:20,40,83,14,新疆阿克苏地区沙雅县
3,2024/3/30 18:38,40,83,15,新疆阿克苏地区沙雅县
4,2024/3/30 3:26,33,89,10,西藏那曲市双湖县
3,2024/3/28 13:42,29,96,10,西藏林芝市墨脱县
3,2024/3/28 8:40,33,83,10,西藏阿里地区革吉县
4,2024/3/27 18:36,32,101,15,四川阿坝州壤塘县
3,2024/3/27 15:07,41,83,12,新疆阿克苏地区库车市
3,2024/3/27 8:20,41,84,15,新疆巴音郭楞州尉犁县
5,2024/3/26 2:33,36,92,8,青海玉树州治多县
3,2024/3/25 23:18,41,84,14,新疆巴音郭楞州尉犁县
3,2024/3/25 23:03,41,84,16,新疆巴音郭楞州尉犁县
3,2024/3/25 16:02,31,97,10,西藏昌都市卡若区
3,2024/3/25 11:37,41,84,15,新疆阿克苏地区库车市
3,2024/3/23 11:45,41,78,10,新疆克孜勒苏州阿合奇县
4,2024/3/23 9:41,41,78,10,新疆克孜勒苏州阿合奇县
4,2024/3/23 5:03,41,79,10,新疆克孜勒苏州阿合奇县
4,2024/3/22 6:24,34,93,9,青海玉树州杂多县
3,2024/3/22 5:06,42,89,21,新疆吐鲁番市托克逊县
3,2024/3/21 18:57,28,103,15,四川凉山州昭觉县
5,2024/3/21 18:49,24,122,20,台湾花莲县
4,2024/3/21 0:58,34,86,10,西藏那曲市尼玛县
3,2024/3/20 13:08,43,114,15,内蒙古锡林郭勒盟苏尼特左旗
3,2024/3/20 11:51,28,105,8,四川宜宾市长宁县
4,2024/3/19 19:20,24,122,10,台湾花莲县海域
3,2024/3/19 16:18,30,105,13,四川内江市资中县
4,2024/3/19 11:03,35,120,10,江苏盐城市滨海县海域
4,2024/3/18 9:24,33,93,10,青海玉树州杂多县
4,2024/3/18 6:05,34,93,10,青海玉树州杂多县
4,2024/3/17 11:50,41,122,10,辽宁营口市大石桥市
3,2024/3/17 6:03,38,101,9,青海海北州门源县
4,2024/3/16 3:49,42,84,13,新疆阿克苏地区库车市
3,2024/3/15 18:33,28,105,10,四川宜宾市长宁县
3,2024/3/15 10:47,41,79,10,新疆克孜勒苏州阿合奇县
3,2024/3/15 4:13,41,79,10,新疆阿克苏地区乌什县
5,2024/3/14 16:36,42,82,17,新疆阿克苏地区拜城县
4,2024/3/14 16:27,39,97,9,青海海西州天峻县
3,2024/3/14 13:41,39,92,9,青海海西州茫崖市
3,2024/3/14 3:19,29,105,9,四川泸州市泸县
3,2024/3/14 2:11,42,82,10,新疆阿克苏地区拜城县
4,2024/3/13 14:49,39,74,10,新疆克孜勒苏州阿克陶县
3,2024/3/11 21:35,41,78,10,新疆克孜勒苏州阿合奇县
3,2024/3/10 10:07,35,81,10,新疆和田地区策勒县
4,2024/3/9 20:35,41,79,10,新疆阿克苏地区乌什县
4,2024/3/9 13:17,32,93,10,西藏那曲市比如县
3,2024/3/9 8:28,34,93,10,青海玉树州杂多县
4,2024/3/7 18:09,34,93,10,青海玉树州杂多县
6,2024/3/7 18:06,34,93,10,青海玉树州杂多县
4,2024/3/7 1:37,40,77,18,新疆克孜勒苏州阿图什市
3,2024/3/7 1:22,41,83,18,新疆阿克苏地区库车市
3,2024/3/6 21:19,41,79,11,新疆阿克苏地区乌什县
5,2024/3/6 8:09,41,79,10,新疆阿克苏地区乌什县
5,2024/3/5 10:07,34,93,10,青海玉树州杂多县
3,2024/3/5 9:29,41,79,12,新疆阿克苏地区乌什县
3,2024/3/5 7:44,44,82,18,新疆伊犁州伊宁县
3,2024/3/4 21:28,41,123,10,辽宁鞍山市海城市
4,2024/3/4 15:54,41,79,10,新疆克孜勒苏州阿合奇县
3,2024/3/4 14:45,41,78,13,新疆克孜勒苏州阿合奇县
4,2024/3/4 14:32,39,98,10,甘肃张掖市肃南县
4,2024/3/4 11:50,42,81,18,新疆阿克苏地区拜城县
3,2024/3/4 8:06,34,85,10,西藏阿里地区改则县
3,2024/9/29 11:49,38,116,10,河北衡水市武强县
4,2024/9/28 7:29,41,84,15,新疆阿克苏地区库车市
3,2024/9/28 1:52,34,86,10,西藏那曲市尼玛县
4,2024/9/26 23:02,41,84,18,新疆巴音郭楞州尉犁县
4,2024/9/26 6:41,41,84,18,新疆巴音郭楞州尉犁县
3,2024/9/26 2:26,41,83,18,新疆阿克苏地区库车市
4,2024/9/25 19:53,42,89,21,新疆吐鲁番市托克逊县
4,2024/9/25 19:29,32,118,12,安徽合肥市肥东县
3,2024/9/25 18:15,38,106,10,宁夏银川市金凤区
3,2024/9/24 12:36,30,104,8,四川乐山市井研县
3,2024/9/24 11:18,41,84,15,新疆巴音郭楞州尉犁县
4,2024/9/23 23:37,23,100,10,云南临沧市双江县
3,2024/9/23 21:52,41,84,10,新疆巴音郭楞州尉犁县
4,2024/9/23 19:20,41,84,15,新疆阿克苏地区库车市
4,2024/9/23 12:30,41,84,20,新疆巴音郭楞州尉犁县
3,2024/9/29 11:49,38,116,10,河北衡水市武强县
4,2024/9/28 7:29,41,84,15,新疆阿克苏地区库车市
3,2024/9/28 1:52,34,86,10,西藏那曲市尼玛县
4,2024/9/26 23:02,41,84,18,新疆巴音郭楞州尉犁县
4,2024/9/26 6:41,41,84,18,新疆巴音郭楞州尉犁县
3,2024/9/26 2:26,41,83,18,新疆阿克苏地区库车市
4,2024/9/25 19:53,42,89,21,新疆吐鲁番市托克逊县
4,2024/9/25 19:29,32,118,12,安徽合肥市肥东县
3,2024/9/25 18:15,38,106,10,宁夏银川市金凤区
3,2024/9/24 12:36,30,104,8,四川乐山市井研县
3,2024/9/24 11:18,41,84,15,新疆巴音郭楞州尉犁县
4,2024/9/23 23:37,23,100,10,云南临沧市双江县
3,2024/9/23 21:52,41,84,10,新疆巴音郭楞州尉犁县
4,2024/9/23 19:20,41,84,15,新疆阿克苏地区库车市
4,2024/9/23 12:30,41,84,20,新疆巴音郭楞州尉犁县
4,2024/9/22 0:58,32,88,10,西藏那曲市申扎县
5,2024/9/21 18:51,24,122,20,台湾花莲县
4,2024/9/18 23:09,24,122,10,台湾花莲县海域
5,2024/9/18 20:08,32,118,12,安徽合肥市肥东县
3,2024/9/18 7:52,44,85,15,新疆塔城地区沙湾市
5,2024/9/17 16:33,44,88,32,新疆乌鲁木齐市达坂城区
5,2024/9/15 16:17,41,84,14,新疆巴音郭楞州尉犁县
4,2024/9/14 9:16,28,105,10,四川宜宾市珙县
4,2024/9/14 5:12,32,118,10,安徽合肥市肥东县
5,2024/9/14 2:29,31,87,14,西藏那曲市尼玛县
3,2024/9/14 1:32,41,79,15,新疆克孜勒苏州阿合奇县
4,2024/9/13 20:27,34,85,26,西藏阿里地区改则县
4,2024/9/13 18:01,34,82,10,西藏阿里地区日土县
3,2024/9/13 14:30,41,84,20,新疆巴音郭楞州尉犁县
4,2024/9/13 6:04,32,85,10,西藏那曲市尼玛县
3,2024/9/13 3:38,23,101,10,云南普洱市宁洱县
3,2024/9/13 2:19,41,84,10,新疆阿克苏地区库车市
4,2024/9/11 21:26,39,122,10,辽宁大连市普兰店区
3,2024/9/9 11:05,41,83,18,新疆阿克苏地区库车市
5,2024/9/7 13:16,24,122,20,台湾花莲县海域
4,2024/9/6 18:21,35,84,10,西藏阿里地区改则县
3,2024/9/6 2:22,35,114,15,河南新乡市辉县市
2,2024/9/4 12:44,40,119,15,河北唐山市滦州市
4,2024/9/4 4:34,35,84,10,西藏阿里地区改则县
4,2024/9/3 23:46,41,78,10,新疆克孜勒苏州阿合奇县
5,2024/9/2 16:26,24,122,20,台湾花莲县海域
4,2024/9/2 7:16,40,83,34,新疆阿克苏地区沙雅县
3,2024/9/2 5:21,43,85,15,新疆巴音郭楞州和静县
3,2024/9/1 14:53,30,101,15,四川甘孜州雅江县
2,2024/9/1 6:11,40,118,9,河北唐山市开平区
4,2024/9/1 4:57,41,110,15,内蒙古包头市昆都仑区
4,2024/9/1 2:21,24,122,10,台湾花莲县海域
3,2024/8/31 18:40,28,105,10,四川宜宾市兴文县
3,2024/8/31 2:00,40,119,14,河北唐山市滦州市
2,2024/8/30 12:25,37,102,9,青海海东市平安区(有感）
3,2024/8/30 4:48,37,87,20,新疆巴音郭楞州且末县
3,2024/8/30 2:37,42,81,10,新疆阿克苏地区温宿县
3,2024/8/29 23:31,41,84,15,新疆巴音郭楞州轮台县
4,2024/8/29 4:14,24,122,25,台湾花莲县海域
4,2024/8/28 5:15,24,101,10,云南普洱市景谷县
3,2024/8/27 3:44,41,84,14,新疆阿克苏地区库车市
3,2024/8/26 9:09,41,83,20,新疆阿克苏地区库车市
3,2024/8/25 15:18,25,99,10,云南保山市隆阳区
3,2024/8/25 15:02,41,84,16,新疆阿克苏地区库车市
3,2024/8/25 14:58,41,84,12,新疆阿克苏地区库车市
3,2024/8/23 15:41,41,84,19,新疆巴音郭楞州尉犁县
3,2024/8/23 11:01,43,86,15,新疆巴音郭楞州和静县
3,2024/8/22 13:13,41,84,20,新疆阿克苏地区库车市
3,2024/8/22 9:37,41,84,20,新疆阿克苏地区库车市
3,2024/8/22 9:11,41,84,18,新疆阿克苏地区库车市
5,2024/8/22 7:38,41,84,15,新疆阿克苏地区库车市
4,2024/8/22 5:14,41,79,10,新疆阿克苏地区乌什县
5,2024/8/20 23:04,23,101,10,云南普洱市思茅区
3,2024/8/18 21:07,34,121,17,江苏盐城市大丰区海域
3,2024/8/18 18:21,41,79,15,新疆阿克苏地区乌什县
3,2024/8/18 12:17,33,120,8,江苏泰州市兴化市
4,2024/8/17 21:10,24,122,10,台湾宜兰县海域
4,2024/8/17 6:19,24,122,18,台湾花莲县
3,2024/8/17 4:24,41,84,17,新疆巴音郭楞州尉犁县
6,2024/8/16 7:35,24,122,16,台湾花莲县海域
3,2024/8/16 5:40,33,85,10,西藏阿里地区改则县
4,2024/8/15 17:33,24,122,9,台湾宜兰县
5,2024/8/15 17:06,24,122,20,台湾宜兰县
3,2024/8/15 11:51,41,84,15,新疆阿克苏地区库车市
3,2024/8/15 7:38,28,104,11,云南昭通市永善县
3,2024/8/14 22:42,27,100,9,云南丽江市古城区
4,2024/8/14 9:36,41,84,20,新疆巴音郭楞州尉犁县
4,2024/8/14 9:34,41,84,21,新疆巴音郭楞州尉犁县
3,2024/8/14 1:45,43,85,15,新疆巴音郭楞州和静县
4,2024/8/13 20:08,28,101,19,四川凉山州木里县
4,2024/8/10 23:16,41,84,10,新疆阿克苏地区库车市
4,2024/8/9 4:06,44,86,20,新疆昌吉州呼图壁县
3,2024/8/8 21:32,25,102,10,云南楚雄州牟定县
4,2024/8/8 15:13,39,74,10,新疆克孜勒苏州阿克陶县
3,2024/8/7 10:44,30,102,9,四川甘孜州泸定县
3,2024/8/6 9:32,40,77,10,新疆克孜勒苏州阿图什市
3,2024/8/6 5:59,38,75,152,新疆克孜勒苏州阿克陶县
3,2024/8/5 22:24,39,92,9,青海海西州茫崖市
3,2024/8/5 3:09,32,101,10,四川阿坝州壤塘县
3,2024/8/4 0:28,30,87,10,西藏日喀则市昂仁县
3,2024/8/3 5:25,41,84,18,新疆巴音郭楞州尉犁县
4,2024/8/3 5:19,41,84,21,新疆巴音郭楞州尉犁县
3,2024/8/3 5:16,41,84,20,新疆巴音郭楞州尉犁县
3,2024/8/2 17:53,27,101,10,云南丽江市宁蒗县
3,2024/8/2 6:14,39,92,11,青海海西州茫崖市
3,2024/8/2 0:18,29,106,8,四川泸州市泸县
3,2024/8/1 11:18,28,105,10,四川宜宾市兴文县
2,2024/8/1 9:09,36,114,15,河北邯郸市磁县
3,2024/8/1 7:20,28,101,8,四川凉山州木里县
3,2024/7/31 8:39,28,101,11,四川凉山州木里县
3,2024/7/30 17:27,27,101,10,云南丽江市宁蒗县
4,2024/7/30 16:24,38,94,9,青海海西州茫崖市
3,2024/7/30 15:35,32,93,10,西藏那曲市聂荣县
3,2024/7/30 9:59,41,84,16,新疆阿克苏地区库车市
4,2024/7/30 9:27,30,99,10,西藏昌都市芒康县
3,2024/7/30 4:42,22,112,13,广东阳江市江城区
4,2024/7/29 22:50,25,99,10,云南保山市隆阳区
3,2024/7/29 1:47,44,82,30,新疆伊犁州尼勒克县
3,2024/7/28 5:41,41,84,21,新疆巴音郭楞州尉犁县
3,2024/7/28 5:22,33,87,10,西藏那曲市双湖县
5,2024/7/27 19:21,22,121,28,台湾屏东县海域
4,2024/7/26 20:50,34,86,10,西藏那曲市尼玛县
4,2024/7/26 10:23,24,122,10,台湾花莲县海域
4,2024/7/25 9:27,41,84,21,新疆巴音郭楞州尉犁县
3,2024/7/24 18:18,41,84,22,新疆巴音郭楞州尉犁县
4,2024/7/24 16:39,41,84,25,新疆巴音郭楞州尉犁县
4,2024/7/24 11:31,40,77,17,新疆克孜勒苏州阿图什市
5,2024/7/24 7:55,26,105,10,贵州六盘水市水城区
4,2024/7/23 20:22,24,98,13,云南德宏州芒市
3,2024/7/23 13:30,41,84,21,新疆巴音郭楞州尉犁县
3,2024/7/23 9:22,33,89,10,西藏那曲市双湖县
3,2024/7/23 5:14,41,83,18,新疆阿克苏地区库车市
3,2024/7/22 23:02,33,88,10,西藏那曲市双湖县
3,2024/7/22 6:50,33,116,8,安徽亳州市利辛县
3,2024/7/21 13:52,38,78,13,新疆喀什地区叶城县
3,2024/7/21 9:24,41,78,15,新疆克孜勒苏州阿合奇县
5,2024/7/21 2:10,43,85,14,新疆巴音郭楞州和静县
5,2024/7/20 22:18,41,84,14,新疆巴音郭楞州尉犁县
4,2024/7/20 10:07,40,77,17,新疆克孜勒苏州阿图什市
5,2024/7/20 9:56,41,84,18,新疆巴音郭楞州尉犁县
3,2024/7/20 6:21,34,87,10,西藏那曲市尼玛县
4,2024/7/19 14:22,24,98,14,云南德宏州芒市
3,2024/7/19 0:24,27,103,14,云南昭通市巧家县
3,2024/7/18 18:50,41,84,10,新疆巴音郭楞州尉犁县
3,2024/7/18 18:05,30,87,10,西藏日喀则市昂仁县
4,2024/7/18 13:48,44,83,16,新疆博尔塔拉州精河县
3,2024/7/17 12:23,28,101,11,四川凉山州木里县
3,2024/7/17 4:14,41,84,15,新疆巴音郭楞州尉犁县
3,2024/7/17 3:57,41,84,10,新疆巴音郭楞州尉犁县
4,2024/7/17 1:29,41,84,10,新疆巴音郭楞州尉犁县
3,2024/7/15 6:05,41,84,15,新疆巴音郭楞州尉犁县
4,2024/7/15 5:58,41,84,17,新疆巴音郭楞州尉犁县
3,2024/7/15 5:44,41,84,14,新疆巴音郭楞州尉犁县
3,2024/7/14 6:49,30,87,10,西藏日喀则市昂仁县
3,2024/7/13 7:39,41,84,15,新疆巴音郭楞州尉犁县
4,2024/7/12 22:35,41,84,17,新疆巴音郭楞州尉犁县
3,2024/7/12 21:57,41,84,12,新疆巴音郭楞州尉犁县
4,2024/7/12 9:56,41,84,10,新疆巴音郭楞州尉犁县
3,2024/7/12 0:14,41,84,10,新疆巴音郭楞州尉犁县
2,2024/7/11 23:42,38,117,13,河北沧州市河间市
3,2024/7/11 8:49,42,82,20,新疆阿克苏地区拜城县
3,2024/7/11 6:12,41,84,10,新疆巴音郭楞州尉犁县
3,2024/7/11 3:49,30,87,10,西藏日喀则市昂仁县
3,2024/7/10 21:38,30,83,10,西藏日喀则市仲巴县
4,2024/7/10 21:34,41,84,15,新疆巴音郭楞州尉犁县
3,2024/7/10 4:05,40,77,24,新疆克孜勒苏州阿图什市
3,2024/7/10 3:17,34,87,10,西藏那曲市尼玛县
4,2024/7/8 16:07,33,120,8,江苏扬州市江都区
3,2024/7/7 16:02,41,83,24,新疆阿克苏地区沙雅县
3,2024/7/7 13:15,41,84,18,新疆巴音郭楞州尉犁县
3,2024/7/7 10:56,29,106,8,四川泸州市泸县
4,2024/7/6 13:34,27,101,10,云南丽江市永胜县
5,2024/7/5 6:04,41,84,20,新疆巴音郭楞州尉犁县
3,2024/7/5 0:51,43,83,10,新疆巴音郭楞州和静县
3,2024/7/4 14:02,41,84,10,新疆巴音郭楞州尉犁县
4,2024/7/3 14:10,41,84,15,新疆巴音郭楞州尉犁县
3,2024/7/3 9:04,25,107,10,贵州黔南州罗甸县
3,2024/6/30 21:46,41,84,17,新疆巴音郭楞州尉犁县
3,2024/6/28 19:06,42,81,15,新疆伊犁州昭苏县
3,2024/6/28 13:59,28,105,9,四川宜宾市长宁县
4,2024/6/28 10:53,26,107,8,贵州黔南州罗甸县
3,2024/6/28 3:38,40,74,10,新疆克孜勒苏州乌恰县
3,2024/6/28 0:08,27,101,10,云南丽江市永胜县
3,2024/6/27 12:29,41,79,13,新疆克孜勒苏州阿合奇县
4,2024/6/27 9:28,25,107,10,贵州黔南州罗甸县
4,2024/6/26 16:36,27,101,15,云南丽江市永胜县
3,2024/6/26 16:30,27,101,14,云南丽江市永胜县
5,2024/6/26 16:19,27,101,15,云南丽江市永胜县
3,2024/6/26 11:54,41,90,35,新疆巴音郭楞州若羌县
3,2024/6/26 6:48,25,107,10,贵州黔南州罗甸县
4,2024/6/25 13:25,41,84,15,新疆巴音郭楞州尉犁县
3,2024/6/25 13:25,41,84,15,新疆巴音郭楞州尉犁县
5,2024/6/24 13:36,41,84,18,新疆巴音郭楞州尉犁县
3,2024/6/24 12:59,41,84,10,新疆阿克苏地区库车市
3,2024/6/24 7:48,25,107,10,贵州黔南州罗甸县
4,2024/6/23 23:36,41,84,17,新疆巴音郭楞州尉犁县
5,2024/6/23 22:27,24,122,19,台湾花莲县海域
3,2024/6/23 22:11,34,86,10,西藏那曲市尼玛县
4,2024/6/23 20:42,34,86,10,西藏阿里地区改则县
5,2024/6/23 20:40,34,86,10,西藏那曲市尼玛县
3,2024/6/23 19:15,41,84,10,新疆巴音郭楞州尉犁县
4,2024/6/23 16:27,25,107,10,贵州黔南州罗甸县
3,2024/6/23 16:08,25,107,13,贵州黔南州罗甸县
3,2024/6/23 3:00,41,84,11,新疆巴音郭楞州尉犁县
3,2024/6/22 13:43,41,83,17,新疆阿克苏地区库车市
3,2024/6/21 1:52,25,107,10,贵州黔南州罗甸县
3,2024/6/21 1:18,25,107,8,贵州黔南州罗甸县
5,2024/6/20 19:36,40,78,10,新疆克孜勒苏州阿图什市
4,2024/6/20 0:59,41,84,18,新疆巴音郭楞州尉犁县
4,2024/6/18 21:42,35,88,10,西藏那曲市双湖县
3,2024/6/18 20:31,34,108,15,陕西宝鸡市扶风县
4,2024/6/18 11:46,24,122,19,台湾花莲县海域
4,2024/6/16 13:39,39,75,27,新疆克孜勒苏州阿克陶县
4,2024/6/16 12:15,43,81,20,新疆伊犁州察布查尔县
3,2024/6/15 22:24,40,77,18,新疆克孜勒苏州阿图什市
3,2024/6/15 9:52,29,105,11,四川自贡市大安区
4,2024/6/15 7:24,34,86,10,西藏那曲市尼玛县
3,2024/6/14 14:26,41,84,15,新疆巴音郭楞州尉犁县
3,2024/6/14 6:02,27,103,10,云南昭通市巧家县
3,2024/6/14 0:49,36,81,12,新疆和田地区策勒县
3,2024/6/13 3:22,35,88,10,西藏那曲市双湖县
3,2024/6/13 1:47,34,86,10,西藏那曲市尼玛县
3,2024/6/12 15:31,32,94,10,西藏那曲市巴青县
5,2024/6/12 11:48,34,97,10,四川甘孜州石渠县
4,2024/6/12 5:51,24,122,20,台湾花莲县海域
3,2024/6/11 20:43,41,84,10,新疆巴音郭楞州尉犁县
3,2024/6/11 2:35,41,83,19,新疆阿克苏地区库车市
5,2024/6/11 1:35,41,84,20,新疆巴音郭楞州尉犁县
3,2024/6/10 7:58,36,114,10,河北邯郸市磁县
3,2024/6/10 4:06,40,83,15,新疆阿克苏地区沙雅县
4,2024/6/10 0:01,34,87,10,西藏那曲市尼玛县
3,2024/6/9 12:35,28,93,10,西藏山南市错那市
4,2024/6/9 11:43,47,119,20,内蒙古锡林郭勒盟东乌珠穆沁旗
4,2024/6/8 11:16,26,118,8,福建三明市尤溪县
3,2024/6/8 5:50,46,118,15,内蒙古锡林郭勒盟东乌珠穆沁旗
3,2024/6/7 20:25,41,84,10,新疆阿克苏地区库车市
4,2024/6/7 20:23,32,101,11,四川阿坝州壤塘县
3,2024/6/6 17:50,41,84,14,新疆巴音郭楞州尉犁县
4,2024/6/6 15:04,41,84,10,新疆巴音郭楞州尉犁县
3,2024/6/6 12:08,41,84,13,新疆阿克苏地区库车市
3,2024/6/5 21:00,41,107,14,内蒙古巴彦淖尔市乌拉特后旗
4,2024/6/5 20:05,33,86,10,西藏那曲市尼玛县
3,2024/6/5 1:42,34,86,10,西藏那曲市尼玛县
4,2024/6/5 1:00,40,77,30,新疆克孜勒苏州阿图什市
3,2024/6/4 12:14,27,102,8,四川凉山州盐源县
4,2024/6/4 2:54,34,86,10,西藏那曲市尼玛县
3,2024/6/4 0:45,37,77,93,新疆喀什地区叶城县
4,2024/6/2 9:27,24,122,10,台湾花莲县海域
3,2024/6/1 20:37,34,86,10,西藏那曲市尼玛县
4,2024/6/1 18:58,34,86,10,西藏那曲市尼玛县
3,2024/6/1 11:15,35,87,10,西藏那曲市尼玛县
4,2024/6/1 10:59,34,86,10,西藏那曲市尼玛县
6,2024/6/1 8:46,34,86,8,西藏那曲市尼玛县
4,2024/6/1 8:32,24,122,10,台湾宜兰县海域
5,2024/6/1 1:10,24,122,10,台湾花莲县
3,2024/5/31 15:21,41,79,12,新疆阿克苏地区柯坪县
3,2024/5/31 7:24,41,79,16,新疆阿克苏地区柯坪县
4,2024/5/31 1:10,28,101,8,四川凉山州木里县
4,2024/5/30 23:52,24,122,32,台湾花莲县海域
3,2024/5/30 15:31,41,83,20,新疆阿克苏地区沙雅县
3,2024/5/30 11:24,37,82,10,新疆和田地区于田县
5,2024/5/30 9:11,24,122,32,台湾花莲县海域
4,2024/5/30 7:54,24,122,17,台湾花莲县海域
4,2024/5/30 6:45,41,83,20,新疆阿克苏地区沙雅县
3,2024/5/30 6:38,28,101,14,四川凉山州木里县
4,2024/5/29 9:05,41,84,16,新疆阿克苏地区库车市
4,2024/5/28 9:13,30,81,10,西藏阿里地区普兰县
3,2024/5/27 21:53,28,96,10,西藏林芝市察隅县
3,2024/5/27 18:47,28,101,10,四川凉山州木里县
4,2024/5/27 18:39,28,101,8,四川凉山州木里县
5,2024/5/27 18:37,28,101,8,四川凉山州木里县
3,2024/5/27 16:43,28,101,9,四川凉山州木里县
4,2024/5/27 16:25,28,101,9,四川凉山州木里县
5,2024/5/27 11:07,28,101,8,四川凉山州木里县
4,2024/5/27 7:02,31,86,10,西藏日喀则市昂仁县
4,2024/5/27 6:19,41,78,10,新疆克孜勒苏州阿合奇县
4,2024/5/27 1:54,38,75,125,新疆克孜勒苏州阿克陶县
3,2024/5/26 19:10,29,106,15,四川泸州市泸县
3,2024/5/26 6:03,37,77,90,新疆喀什地区叶城县
3,2024/5/25 17:28,41,84,13,新疆阿克苏地区库车市
4,2024/5/25 1:07,24,122,21,台湾花莲县海域
3,2024/5/24 21:15,32,96,9,青海玉树州囊谦县
3,2024/5/24 7:27,42,82,21,新疆阿克苏地区拜城县
3,2024/5/24 5:40,42,82,20,新疆阿克苏地区拜城县
3,2024/5/24 4:17,42,82,18,新疆阿克苏地区拜城县
3,2024/5/24 1:38,42,82,17,新疆阿克苏地区拜城县
4,2024/5/24 0:11,42,82,20,新疆阿克苏地区拜城县
4,2024/5/24 0:05,42,82,20,新疆阿克苏地区拜城县
3,2024/5/23 23:38,42,82,15,新疆阿克苏地区拜城县
3,2024/5/23 23:22,42,82,10,新疆阿克苏地区拜城县
3,2024/5/23 23:07,42,82,22,新疆阿克苏地区拜城县
3,2024/5/23 22:46,42,82,15,新疆阿克苏地区拜城县
5,2024/5/23 22:30,42,82,15,新疆阿克苏地区拜城县
5,2024/5/22 16:00,24,122,10,台湾花莲县海域
3,2024/5/22 12:22,40,83,10,新疆阿克苏地区沙雅县
3,2024/5/22 0:54,27,103,10,云南昭通市巧家县
3,2024/5/21 9:38,30,102,11,四川甘孜州泸定县
3,2024/5/21 7:39,30,102,11,四川甘孜州泸定县
4,2024/5/21 5:26,34,82,10,西藏阿里地区日土县
3,2024/5/21 2:31,41,79,11,新疆阿克苏地区乌什县
3,2024/5/20 15:19,40,77,19,新疆克孜勒苏州阿图什市
5,2024/5/20 13:10,40,77,19,新疆克孜勒苏州阿图什市
4,2024/5/19 8:45,42,79,15,新疆阿克苏地区乌什县
5,2024/5/19 3:38,36,77,10,新疆喀什地区叶城县
4,2024/5/19 3:35,40,114,13,山西大同市阳高县
3,2024/5/18 15:10,41,78,10,新疆克孜勒苏州阿合奇县
3,2024/5/16 15:56,39,97,8,甘肃酒泉市肃北县
3,2024/5/15 8:49,32,104,13,四川德阳市绵竹市
3,2024/5/13 4:11,28,101,11,四川凉山州木里县
3,2024/5/12 14:00,41,84,13,新疆阿克苏地区库车市
3,2024/5/12 13:52,41,84,13,新疆阿克苏地区库车市
3,2024/5/12 2:32,32,118,15,安徽合肥市肥东县
4,2024/5/11 17:44,24,122,17,台湾花莲县海域
4,2024/5/11 15:11,41,84,11,新疆阿克苏地区沙雅县
5,2024/5/11 13:16,24,122,8,台湾花莲县海域
2,2024/5/10 17:21,39,117,13,河北廊坊市大城县
6,2024/5/10 15:45,24,122,10,台湾花莲县海域
4,2024/5/10 9:52,38,75,10,新疆喀什地区塔什库尔干县
5,2024/5/10 9:37,24,122,10,台湾花莲县
5,2024/5/10 9:35,24,122,10,台湾花莲县海域
3,2024/5/9 15:33,33,87,10,西藏那曲市尼玛县
3,2024/5/9 9:42,41,83,14,新疆阿克苏地区库车市
4,2024/5/8 19:31,24,123,20,台湾花莲县海域
3,2024/5/8 18:47,40,77,30,新疆克孜勒苏州阿图什市
4,2024/5/8 16:40,24,122,9,台湾花莲县海域
4,2024/5/8 10:26,44,124,12,吉林松原市长岭县
5,2024/5/6 17:52,24,122,25,台湾花莲县海域
5,2024/5/6 17:45,24,122,20,台湾花莲县海域
3,2024/5/6 8:54,41,84,10,新疆阿克苏地区沙雅县
3,2024/5/2 22:18,41,84,10,新疆阿克苏地区库车市
5,2024/5/2 10:07,23,121,10,台湾台东县海域
3,2024/5/2 7:09,42,82,20,新疆阿克苏地区拜城县
5,2024/5/2 3:17,41,78,10,新疆克孜勒苏州阿合奇县
3,2024/5/1 3:22,31,84,10,西藏日喀则市仲巴县
3,2024/4/30 11:11,41,79,10,新疆克孜勒苏州阿合奇县
3,2024/4/30 10:23,40,84,18,新疆阿克苏地区沙雅县
3,2024/4/30 7:52,33,108,10,陕西汉中市洋县
3,2024/4/29 21:55,28,93,10,西藏山南市隆子县
3,2024/4/29 20:06,41,78,10,新疆克孜勒苏州阿合奇县
4,2024/4/29 1:40,24,122,31,台湾花莲县海域
3,2024/4/28 20:09,41,79,10,新疆阿克苏地区乌什县
4,2024/4/28 19:31,41,79,14,新疆阿克苏地区乌什县
4,2024/4/28 11:43,38,123,30,黄海海域
3,2024/4/27 13:47,31,104,17,四川成都市彭州市
4,2024/4/27 3:13,24,122,25,台湾花莲县海域
5,2024/4/27 2:49,24,122,27,台湾花莲县海域
6,2024/4/27 2:21,24,122,30,台湾花莲县海域
5,2024/4/26 20:28,24,122,10,台湾花莲县
3,2024/4/26 13:48,41,84,20,新疆阿克苏地区库车市
3,2024/4/25 21:00,36,111,16,山西临汾市襄汾县
4,2024/4/25 17:24,41,79,10,新疆克孜勒苏州阿合奇县
3,2024/4/25 13:56,40,84,16,新疆阿克苏地区沙雅县
4,2024/4/25 9:23,24,122,10,台湾花莲县海域
4,2024/4/25 8:19,24,122,9,台湾花莲县海域
5,2024/4/25 2:11,24,122,10,台湾花莲县海域
3,2024/4/24 16:40,49,123,20,内蒙古呼伦贝尔市鄂伦春旗
4,2024/4/24 15:30,24,122,10,台湾花莲县海域
4,2024/4/24 13:05,25,100,10,云南大理州巍山县
4,2024/4/24 13:01,24,122,10,台湾花莲县海域
4,2024/4/24 0:02,24,122,14,台湾花莲县海域
3,2024/4/23 21:54,29,104,10,四川宜宾市屏山县
4,2024/4/23 20:40,24,122,8,台湾花莲县海域
3,2024/4/23 20:26,41,79,10,新疆克孜勒苏州阿合奇县
4,2024/4/23 13:08,24,122,10,台湾花莲县
4,2024/4/23 10:27,24,122,10,台湾花莲县
4,2024/4/23 10:23,24,122,10,台湾花莲县
5,2024/4/23 10:21,24,122,10,台湾花莲县海域
5,2024/4/23 9:45,24,122,10,台湾花莲县海域
6,2024/4/23 8:04,24,122,10,台湾花莲县
5,2024/4/23 5:31,24,122,10,台湾花莲县海域
5,2024/4/23 5:24,24,121,10,台湾花莲县
5,2024/4/23 5:19,24,122,10,台湾花莲县海域
5,2024/4/23 5:14,24,122,10,台湾花莲县
4,2024/4/23 5:11,24,122,10,台湾花莲县
5,2024/4/23 5:04,24,122,10,台湾花莲县
5,2024/4/23 4:52,24,121,8,台湾花莲县
6,2024/4/23 4:49,24,122,10,台湾花莲县海域
5,2024/4/23 4:03,24,122,10,台湾花莲县海域
5,2024/4/23 3:34,24,122,10,台湾花莲县海域
5,2024/4/23 3:19,24,122,10,台湾花莲县
6,2024/4/23 2:32,24,122,10,台湾花莲县
6,2024/4/23 2:26,24,122,10,台湾花莲县海域
4,2024/4/23 1:40,24,122,10,台湾花莲县
4,2024/4/23 0:33,24,122,12,台湾花莲县海域
6,2024/4/22 22:11,24,121,9,台湾花莲县
4,2024/4/22 21:42,24,122,10,台湾花莲县海域
5,2024/4/22 21:13,24,122,10,台湾花莲县
4,2024/4/22 21:08,42,83,15,新疆阿克苏地区拜城县
4,2024/4/22 21:00,24,122,10,台湾花莲县海域
5,2024/4/22 19:45,24,122,10,台湾花莲县海域
5,2024/4/22 19:44,24,122,10,台湾花莲县海域
5,2024/4/22 19:34,24,122,10,台湾花莲县
5,2024/4/22 19:25,24,121,10,台湾花莲县
5,2024/4/22 19:25,24,122,10,台湾花莲县
4,2024/4/22 19:22,24,122,10,台湾花莲县海域
5,2024/4/22 19:13,24,122,11,台湾花莲县海域
4,2024/4/22 19:10,24,122,8,台湾花莲县海域
6,2024/4/22 18:50,24,122,10,台湾花莲县
5,2024/4/22 18:49,24,122,10,台湾花莲县海域
5,2024/4/22 18:46,24,122,10,台湾花莲县海域
5,2024/4/22 17:52,24,122,9,台湾花莲县海域
5,2024/4/22 17:17,24,121,10,台湾花莲县
5,2024/4/22 17:15,24,121,10,台湾花莲县
5,2024/4/22 17:12,24,122,8,台湾花莲县
5,2024/4/22 17:08,24,122,10,台湾花莲县海域
3,2024/4/22 6:43,44,87,25,新疆乌鲁木齐市乌鲁木齐县（有感）
3,2024/4/22 6:12,44,87,21,新疆乌鲁木齐市乌鲁木齐县（有感）
3,2024/4/22 0:38,41,79,10,新疆阿克苏地区乌什县
5,2024/4/22 0:35,24,122,9,台湾花莲县
4,2024/4/21 15:20,40,74,11,新疆克孜勒苏州乌恰县
3,2024/4/21 11:47,39,75,10,新疆克孜勒苏州阿克陶县
5,2024/4/21 10:40,23,122,20,台湾花莲县海域
3,2024/4/21 10:09,38,76,100,新疆喀什地区塔什库尔干县
4,2024/4/20 9:44,34,82,10,西藏阿里地区日土县
4,2024/4/19 22:25,24,122,18,台湾宜兰县海域
4,2024/4/19 13:27,42,82,9,新疆阿克苏地区拜城县
3,2024/4/19 7:55,28,102,14,四川凉山州冕宁县
4,2024/4/19 5:54,25,100,10,云南大理州巍山县
3,2024/4/19 1:52,34,82,10,西藏阿里地区日土县
4,2024/4/19 1:44,34,82,10,西藏阿里地区日土县
5,2024/4/19 1:40,33,82,10,西藏阿里地区日土县
3,2024/4/18 23:33,38,76,135,新疆克孜勒苏州阿克陶县
3,2024/4/18 15:43,34,82,10,西藏阿里地区日土县
3,2024/4/18 10:13,34,85,10,西藏阿里地区改则县
3,2024/4/18 8:23,41,79,10,新疆阿克苏地区乌什县
4,2024/4/17 20:21,34,82,10,西藏阿里地区日土县
5,2024/4/17 17:17,24,122,23,台湾花莲县海域
5,2024/4/17 12:22,42,83,17,新疆阿克苏地区拜城县
3,2024/4/17 9:19,41,84,11,新疆阿克苏地区库车市
4,2024/4/17 6:47,45,125,10,吉林松原市宁江区
4,2024/4/17 2:59,24,122,18,台湾花莲县海域
3,2024/4/16 20:00,37,85,10,新疆巴音郭楞州且末县
3,2024/4/15 9:49,36,120,8,山东青岛市黄岛区
3,2024/4/14 11:04,34,82,10,西藏阿里地区日土县
4,2024/4/13 22:26,24,122,9,台湾花莲县
4,2024/4/13 20:38,24,122,8,台湾花莲县海域
3,2024/4/13 18:26,29,105,10,四川宜宾市南溪区
5,2024/4/13 13:44,34,82,10,西藏阿里地区日土县
4,2024/4/13 2:44,23,120,10,台湾嘉义县
5,2024/4/12 16:13,41,79,10,新疆克孜勒苏州阿合奇县
4,2024/4/12 13:04,33,82,10,西藏阿里地区日土县
3,2024/4/12 9:25,45,93,12,新疆哈密市巴里坤县
3,2024/4/11 8:42,42,83,18,新疆阿克苏地区拜城县
5,2024/4/11 2:53,42,83,13,新疆阿克苏地区拜城县
4,2024/4/11 0:55,24,122,12,台湾花莲县海域
6,2024/4/10 22:56,42,83,16,新疆阿克苏地区拜城县
5,2024/4/10 18:57,42,82,20,新疆阿克苏地区拜城县
5,2024/4/9 22:07,28,100,10,云南迪庆州香格里拉市
4,2024/4/9 17:22,40,98,11,甘肃张掖市肃南县
3,2024/4/9 15:06,42,82,19,新疆阿克苏地区拜城县
4,2024/4/9 12:10,42,83,18,新疆阿克苏地区库车市
4,2024/4/9 6:14,24,122,21,台湾花莲县海域
5,2024/4/9 2:02,24,122,28,台湾花莲县海域
5,2024/4/8 13:09,24,122,23,台湾花莲县海域
3,2024/4/8 7:20,42,82,20,新疆阿克苏地区拜城县
4,2024/4/8 7:16,42,82,17,新疆阿克苏地区拜城县
3,2024/4/8 7:15,42,82,20,新疆阿克苏地区拜城县
4,2024/4/8 6:49,24,122,25,台湾花莲县海域
5,2024/4/8 4:47,42,82,18,新疆阿克苏地区拜城县
4,2024/4/7 22:20,42,82,17,新疆阿克苏地区拜城县
4,2024/4/7 19:03,42,82,18,新疆阿克苏地区拜城县
3,2024/4/7 18:22,42,82,15,新疆阿克苏地区拜城县
5,2024/4/7 18:01,24,122,20,台湾花莲县海域
3,2024/4/7 17:48,42,82,17,新疆阿克苏地区拜城县
3,2024/4/7 17:45,42,82,17,新疆阿克苏地区拜城县
3,2024/4/7 16:53,42,82,15,新疆阿克苏地区拜城县
5,2024/4/7 16:46,42,82,17,新疆阿克苏地区拜城县
4,2024/4/7 16:44,42,82,22,新疆阿克苏地区拜城县
4,2024/4/7 5:15,24,122,17,台湾花莲县海域
5,2024/4/6 23:53,24,122,23,台湾花莲县海域
5,2024/4/6 18:47,24,122,25,台湾花莲县海域
5,2024/4/6 11:52,24,122,10,台湾花莲县海域
3,2024/4/6 11:12,32,105,18,四川绵阳市江油市
5,2024/4/6 10:29,27,103,10,云南昭通市鲁甸县
3,2024/4/6 9:48,41,79,12,新疆克孜勒苏州阿合奇县
4,2024/4/6 9:37,24,122,13,台湾花莲县海域
5,2024/4/6 4:26,24,122,21,台湾花莲县海域
4,2024/4/5 17:04,24,122,20,台湾花莲县海域
4,2024/4/5 15:03,41,84,13,新疆巴音郭楞州尉犁县
5,2024/4/5 14:12,24,122,8,台湾花莲县海域
5,2024/4/5 12:50,24,122,22,台湾花莲县海域
5,2024/4/5 2:35,24,122,26,台湾花莲县海域
5,2024/4/4 22:30,24,122,13,台湾花莲县海域
4,2024/4/4 13:00,24,122,23,台湾花莲县海域
3,2024/4/4 11:52,41,79,10,新疆阿克苏地区乌什县
4,2024/4/4 9:29,24,121,8,台湾花莲县
6,2024/4/4 8:39,38,91,10,青海海西州茫崖市
4,2024/4/4 6:46,24,122,20,台湾花莲县海域
4,2024/4/4 5:56,24,122,17,台湾花莲县海域
4,2024/4/4 3:46,24,122,10,台湾花莲县海域
5,2024/4/4 2:29,24,122,14,台湾花莲县海域
4,2024/4/3 23:42,24,122,10,台湾花莲县
4,2024/4/3 23:39,24,122,20,台湾花莲县海域
4,2024/4/3 22:49,24,122,19,台湾花莲县海域
4,2024/4/3 12:08,24,122,15,台湾花莲县海域
5,2024/4/3 11:57,24,122,19,台湾花莲县海域
5,2024/4/3 11:45,24,122,15,台湾花莲县海域
4,2024/4/3 11:35,24,122,10,台湾花莲县海域
4,2024/4/3 11:20,24,122,10,台湾花莲县海域
4,2024/4/3 10:38,24,122,10,台湾花莲县海域
5,2024/4/3 10:28,24,122,10,台湾花莲县海域
6,2024/4/3 10:14,24,122,10,台湾花莲县海域
4,2024/4/3 10:13,24,122,10,台湾花莲县海域
5,2024/4/3 9:53,24,122,10,台湾花莲县
5,2024/4/3 9:49,24,122,12,台湾花莲县海域
6,2024/4/3 9:39,24,122,10,台湾花莲县海域
4,2024/4/3 9:19,24,122,10,台湾花莲县海域
4,2024/4/3 9:17,24,122,11,台湾花莲县海域
5,2024/4/3 9:09,24,122,10,台湾花莲县海域
4,2024/4/3 9:07,24,122,9,台湾花莲县海域
4,2024/4/3 8:54,24,122,27,台湾花莲县海域
5,2024/4/3 8:50,24,122,11,台湾花莲县海域
6,2024/4/3 8:46,24,122,10,台湾花莲县海域
5,2024/4/3 8:43,24,122,10,台湾花莲县
6,2024/4/3 8:35,24,122,10,台湾花莲县
6,2024/4/3 8:11,24,122,10,台湾花莲县海域
7,2024/4/3 7:58,24,122,12,台湾花莲县海域
4,2024/4/3 3:26,23,120,8,台湾嘉义县
3,2024/4/2 20:06,32,104,18,四川阿坝州茂县
3,2024/4/2 12:24,32,104,15,四川阿坝州茂县
4,2024/4/1 6:55,44,82,21,新疆博尔塔拉州精河县
3,2024/3/31 15:56,29,96,10,西藏林芝市察隅县
3,2024/3/31 15:38,41,83,20,新疆阿克苏地区库车市
4,2024/3/31 5:52,41,84,15,新疆巴音郭楞州尉犁县
3,2024/3/30 19:46,40,83,11,新疆阿克苏地区沙雅县
3,2024/3/30 19:39,40,83,16,新疆阿克苏地区沙雅县
4,2024/3/30 19:21,40,83,15,新疆阿克苏地区沙雅县
3,2024/3/30 19:20,40,83,14,新疆阿克苏地区沙雅县
3,2024/3/30 18:38,40,83,15,新疆阿克苏地区沙雅县
4,2024/3/30 3:26,33,89,10,西藏那曲市双湖县
3,2024/3/28 13:42,29,96,10,西藏林芝市墨脱县
3,2024/3/28 8:40,33,83,10,西藏阿里地区革吉县
4,2024/3/27 18:36,32,101,15,四川阿坝州壤塘县
3,2024/3/27 15:07,41,83,12,新疆阿克苏地区库车市
3,2024/3/27 8:20,41,84,15,新疆巴音郭楞州尉犁县
5,2024/3/26 2:33,36,92,8,青海玉树州治多县
3,2024/3/25 23:18,41,84,14,新疆巴音郭楞州尉犁县
3,2024/3/25 23:03,41,84,16,新疆巴音郭楞州尉犁县
3,2024/3/25 16:02,31,97,10,西藏昌都市卡若区
3,2024/3/25 11:37,41,84,15,新疆阿克苏地区库车市
3,2024/3/23 11:45,41,78,10,新疆克孜勒苏州阿合奇县
4,2024/3/23 9:41,41,78,10,新疆克孜勒苏州阿合奇县
4,2024/3/23 5:03,41,79,10,新疆克孜勒苏州阿合奇县
4,2024/3/22 6:24,34,93,9,青海玉树州杂多县
3,2024/3/22 5:06,42,89,21,新疆吐鲁番市托克逊县
3,2024/3/21 18:57,28,103,15,四川凉山州昭觉县
5,2024/3/21 18:49,24,122,20,台湾花莲县
4,2024/3/21 0:58,34,86,10,西藏那曲市尼玛县
3,2024/3/20 13:08,43,114,15,内蒙古锡林郭勒盟苏尼特左旗
3,2024/3/20 11:51,28,105,8,四川宜宾市长宁县
4,2024/3/19 19:20,24,122,10,台湾花莲县海域
3,2024/3/19 16:18,30,105,13,四川内江市资中县
4,2024/3/19 11:03,35,120,10,江苏盐城市滨海县海域
4,2024/3/18 9:24,33,93,10,青海玉树州杂多县
4,2024/3/18 6:05,34,93,10,青海玉树州杂多县
4,2024/3/17 11:50,41,122,10,辽宁营口市大石桥市
3,2024/3/17 6:03,38,101,9,青海海北州门源县
4,2024/3/16 3:49,42,84,13,新疆阿克苏地区库车市
3,2024/3/15 18:33,28,105,10,四川宜宾市长宁县
3,2024/3/15 10:47,41,79,10,新疆克孜勒苏州阿合奇县
3,2024/3/15 4:13,41,79,10,新疆阿克苏地区乌什县
5,2024/3/14 16:36,42,82,17,新疆阿克苏地区拜城县
4,2024/3/14 16:27,39,97,9,青海海西州天峻县
3,2024/3/14 13:41,39,92,9,青海海西州茫崖市
3,2024/3/14 3:19,29,105,9,四川泸州市泸县
3,2024/3/14 2:11,42,82,10,新疆阿克苏地区拜城县
4,2024/3/13 14:49,39,74,10,新疆克孜勒苏州阿克陶县
3,2024/3/11 21:35,41,78,10,新疆克孜勒苏州阿合奇县
3,2024/3/10 10:07,35,81,10,新疆和田地区策勒县
4,2024/3/9 20:35,41,79,10,新疆阿克苏地区乌什县
4,2024/3/9 13:17,32,93,10,西藏那曲市比如县
3,2024/3/9 8:28,34,93,10,青海玉树州杂多县
4,2024/3/7 18:09,34,93,10,青海玉树州杂多县
6,2024/3/7 18:06,34,93,10,青海玉树州杂多县
4,2024/3/7 1:37,40,77,18,新疆克孜勒苏州阿图什市
3,2024/3/7 1:22,41,83,18,新疆阿克苏地区库车市
3,2024/3/6 21:19,41,79,11,新疆阿克苏地区乌什县
5,2024/3/6 8:09,41,79,10,新疆阿克苏地区乌什县
5,2024/3/5 10:07,34,93,10,青海玉树州杂多县
3,2024/3/5 9:29,41,79,12,新疆阿克苏地区乌什县
3,2024/3/5 7:44,44,82,18,新疆伊犁州伊宁县
3,2024/3/4 21:28,41,123,10,辽宁鞍山市海城市
4,2024/3/4 15:54,41,79,10,新疆克孜勒苏州阿合奇县
3,2024/3/4 14:45,41,78,13,新疆克孜勒苏州阿合奇县
4,2024/3/4 14:32,39,98,10,甘肃张掖市肃南县
4,2024/3/4 11:50,42,81,18,新疆阿克苏地区拜城县
3,2024/3/4 8:06,34,85,10,西藏阿里地区改则县
3,2024/3/3 18:07,41,78,10,新疆克孜勒苏州阿合奇县
4,2024/3/3 17:24,41,78,10,新疆克孜勒苏州阿合奇县
4,2024/2/29 13:26,24,120,20,台湾嘉义县
3,2024/2/29 11:48,41,79,12,新疆阿克苏地区乌什县
3,2024/2/28 21:23,29,103,15,四川雅安市汉源县
3,2024/2/28 18:21,41,84,10,新疆阿克苏地区库车市
3,2024/2/28 18:14,41,84,11,新疆阿克苏地区库车市
3,2024/2/28 9:17,41,79,10,新疆阿克苏地区乌什县
3,2024/2/27 22:17,41,78,10,新疆克孜勒苏州阿合奇县
3,2024/2/27 1:55,41,79,10,新疆阿克苏地区乌什县
3,2024/2/27 1:46,41,79,10,新疆阿克苏地区乌什县
3,2024/2/26 22:20,41,78,10,新疆克孜勒苏州阿合奇县
4,2024/2/26 20:28,41,79,10,新疆阿克苏地区乌什县
4,2024/2/26 19:29,30,88,15,西藏日喀则市谢通门县
3,2024/2/26 12:02,37,77,90,新疆喀什地区叶城县
4,2024/2/26 9:28,41,78,12,新疆克孜勒苏州阿合奇县
5,2024/2/25 21:48,25,122,10,台湾宜兰县海域
6,2024/2/25 12:14,41,78,11,新疆克孜勒苏州阿合奇县
3,2024/2/25 3:44,41,79,10,新疆克孜勒苏州阿合奇县
3,2024/2/24 18:50,39,75,34,新疆克孜勒苏州阿克陶县
4,2024/2/24 18:13,32,118,15,安徽合肥市肥东县
4,2024/2/24 12:37,24,122,19,台湾花莲县海域
5,2024/2/24 6:58,41,79,10,新疆克孜勒苏州阿合奇县
4,2024/2/23 18:33,41,79,10,新疆克孜勒苏州阿合奇县
4,2024/2/23 12:08,41,79,12,新疆阿克苏地区乌什县
3,2024/2/22 19:08,41,79,15,新疆阿克苏地区乌什县
3,2024/2/22 16:40,41,79,12,新疆阿克苏地区乌什县
4,2024/2/22 2:26,41,79,10,新疆阿克苏地区乌什县
4,2024/2/21 15:03,40,78,10,新疆克孜勒苏州阿图什市
4,2024/2/20 22:18,24,122,11,台湾花莲县海域
5,2024/2/20 18:58,43,94,12,新疆新星市
3,2024/2/20 17:52,40,112,15,山西朔州市右玉县
4,2024/2/19 11:08,42,84,10,新疆阿克苏地区库车市
3,2024/2/19 0:49,41,79,12,新疆克孜勒苏州阿合奇县
4,2024/2/18 16:59,41,79,10,新疆阿克苏地区乌什县
4,2024/2/18 2:59,34,92,9,青海海西州唐古拉地区
3,2024/2/17 15:49,41,79,10,新疆阿克苏地区乌什县
4,2024/2/16 23:38,37,77,129,新疆喀什地区叶城县
3,2024/2/15 20:17,41,79,15,新疆阿克苏地区乌什县
3,2024/2/15 14:28,41,79,10,新疆阿克苏地区乌什县
4,2024/2/15 14:02,25,107,10,广西河池市天峨县
3,2024/2/15 12:32,41,78,10,新疆克孜勒苏州阿合奇县
5,2024/2/15 11:52,41,79,10,新疆阿克苏地区乌什县
4,2024/2/15 11:41,41,78,15,新疆克孜勒苏州阿合奇县
3,2024/2/15 7:57,41,84,16,新疆巴音郭楞州尉犁县
3,2024/2/14 15:30,41,79,10,新疆阿克苏地区乌什县
3,2024/2/14 4:06,41,78,10,新疆克孜勒苏州阿合奇县
4,2024/2/14 3:10,40,78,24,新疆喀什地区伽师县
3,2024/2/13 2:10,39,97,10,甘肃酒泉市肃北县
4,2024/2/12 23:52,41,79,18,新疆阿克苏地区乌什县
3,2024/2/12 12:34,41,78,10,新疆克孜勒苏州阿合奇县
3,2024/2/12 4:45,36,103,11,甘肃临夏州积石山县
3,2024/2/12 3:42,41,79,10,新疆阿克苏地区乌什县
3,2024/2/11 22:30,41,79,11,新疆克孜勒苏州阿合奇县
3,2024/2/11 20:22,41,79,14,新疆阿克苏地区乌什县
3,2024/2/11 13:24,40,83,25,新疆阿克苏地区沙雅县
4,2024/2/11 12:57,41,79,13,新疆克孜勒苏州阿合奇县
3,2024/2/11 11:03,41,79,13,新疆克孜勒苏州阿合奇县
3,2024/2/9 11:29,28,105,11,四川宜宾市长宁县
3,2024/2/9 4:09,32,105,17,四川绵阳市平武县
3,2024/2/8 18:19,41,78,10,新疆克孜勒苏州阿合奇县
3,2024/2/8 11:17,41,78,11,新疆克孜勒苏州阿合奇县
3,2024/2/8 1:28,39,97,9,甘肃酒泉市肃北县
4,2024/2/7 16:55,41,78,12,新疆克孜勒苏州阿合奇县
3,2024/2/6 0:49,33,93,10,西藏那曲市聂荣县
3,2024/2/4 19:36,39,74,106,新疆克孜勒苏州阿克陶县
5,2024/2/4 9:18,41,79,12,新疆克孜勒苏州阿合奇县
3,2024/2/4 6:15,41,79,12,新疆克孜勒苏州阿合奇县
4,2024/2/4 2:44,38,91,11,青海海西州茫崖市
4,2024/2/4 2:02,41,79,10,新疆克孜勒苏州阿合奇县
5,2024/2/4 0:34,41,79,15,新疆克孜勒苏州阿合奇县
5,2024/2/3 21:44,41,79,12,新疆克孜勒苏州阿合奇县
4,2024/2/3 21:26,41,79,11,新疆克孜勒苏州阿合奇县
4,2024/2/3 16:36,41,79,12,新疆克孜勒苏州阿合奇县
4,2024/2/3 12:40,37,97,10,青海海西州都兰县
4,2024/2/1 3:21,41,79,16,新疆阿克苏地区乌什县
3,2024/1/31 13:13,41,79,15,新疆阿克苏地区乌什县
3,2024/1/31 4:48,41,79,10,新疆克孜勒苏州阿合奇县
4,2024/1/30 11:52,41,79,14,新疆克孜勒苏州阿合奇县
4,2024/1/30 9:44,41,79,10,新疆阿克苏地区乌什县
3,2024/1/30 7:30,41,79,10,新疆克孜勒苏州阿合奇县
4,2024/1/30 7:17,41,79,10,新疆克孜勒苏州阿合奇县
6,2024/1/30 6:27,41,79,10,新疆克孜勒苏州阿合奇县
4,2024/1/30 5:03,41,79,10,新疆阿克苏地区乌什县
3,2024/1/29 20:09,41,79,10,新疆克孜勒苏州阿合奇县
3,2024/1/29 19:38,43,88,10,新疆吐鲁番市托克逊县
3,2024/1/29 12:05,41,79,11,新疆克孜勒苏州阿合奇县
5,2024/1/29 2:11,24,121,10,台湾花莲县
3,2024/1/28 18:07,42,81,10,新疆阿克苏地区拜城县
4,2024/1/28 17:52,41,79,13,新疆克孜勒苏州阿合奇县
3,2024/1/27 23:06,41,84,12,新疆阿克苏地区库车市
3,2024/1/27 19:30,41,79,15,新疆阿克苏地区乌什县
5,2024/1/27 17:03,41,79,15,新疆克孜勒苏州阿合奇县
3,2024/1/27 13:29,42,80,11,新疆阿克苏地区温宿县
4,2024/1/27 8:37,41,78,12,新疆克孜勒苏州阿合奇县
3,2024/1/27 0:00,41,79,11,新疆克孜勒苏州阿合奇县
3,2024/1/26 20:38,26,100,10,云南大理州大理市
4,2024/1/26 20:05,41,79,14,新疆阿克苏地区乌什县
3,2024/1/26 19:50,36,103,8,甘肃临夏州积石山县
4,2024/1/26 19:40,41,79,12,新疆阿克苏地区乌什县
3,2024/1/26 18:36,41,79,11,新疆克孜勒苏州阿合奇县
4,2024/1/26 18:16,41,79,10,新疆阿克苏地区乌什县
4,2024/1/26 16:17,41,79,12,新疆克孜勒苏州阿合奇县
3,2024/1/26 14:54,41,79,10,新疆克孜勒苏州阿合奇县
4,2024/1/26 10:26,41,79,10,新疆阿克苏地区乌什县
4,2024/1/26 9:55,41,79,13,新疆克孜勒苏州阿合奇县
4,2024/1/26 9:14,41,79,14,新疆克孜勒苏州阿合奇县
4,2024/1/26 8:17,41,79,13,新疆克孜勒苏州阿合奇县
3,2024/1/26 7:46,41,79,13,新疆克孜勒苏州阿合奇县
4,2024/1/26 6:38,41,79,11,新疆克孜勒苏州阿合奇县
3,2024/1/26 5:12,41,79,10,新疆克孜勒苏州阿合奇县
4,2024/1/26 5:11,41,79,13,新疆克孜勒苏州阿合奇县
3,2024/1/26 4:21,41,79,11,新疆阿克苏地区乌什县
6,2024/1/26 4:01,41,79,18,新疆阿克苏地区乌什县
4,2024/1/26 3:21,41,77,20,新疆克孜勒苏州阿图什市
3,2024/1/25 21:54,41,78,15,新疆克孜勒苏州阿合奇县
3,2024/1/25 17:29,41,79,12,新疆阿克苏地区乌什县
3,2024/1/25 16:59,41,79,13,新疆阿克苏地区乌什县
3,2024/1/25 16:59,41,79,14,新疆克孜勒苏州阿合奇县
3,2024/1/25 16:42,41,79,14,新疆克孜勒苏州阿合奇县
4,2024/1/25 16:14,41,79,16,新疆阿克苏地区乌什县
3,2024/1/25 13:00,41,79,18,新疆克孜勒苏州阿合奇县
4,2024/1/25 12:59,41,79,15,新疆阿克苏地区乌什县
3,2024/1/25 12:54,41,79,16,新疆克孜勒苏州阿合奇县
3,2024/1/25 12:21,41,79,15,新疆克孜勒苏州阿合奇县
5,2024/1/25 6:21,41,79,15,新疆克孜勒苏州阿合奇县
3,2024/1/25 5:50,41,79,15,新疆克孜勒苏州阿合奇县
4,2024/1/25 4:35,41,79,18,新疆阿克苏地区乌什县
4,2024/1/25 4:05,41,78,20,新疆克孜勒苏州阿合奇县
3,2024/1/25 3:59,41,79,18,新疆克孜勒苏州阿合奇县
3,2024/1/25 3:51,42,82,18,新疆阿克苏地区拜城县
3,2024/1/25 3:33,41,79,20,新疆克孜勒苏州阿合奇县
4,2024/1/25 2:45,41,79,20,新疆阿克苏地区乌什县
3,2024/1/25 1:49,41,79,25,新疆克孜勒苏州阿合奇县
3,2024/1/25 0:38,41,79,10,新疆克孜勒苏州阿合奇县
3,2024/1/25 0:33,41,79,20,新疆克孜勒苏州阿合奇县
3,2024/1/25 0:20,41,79,15,新疆克孜勒苏州阿合奇县
4,2024/1/24 23:04,41,79,18,新疆克孜勒苏州阿合奇县
4,2024/1/24 23:01,41,79,22,新疆克孜勒苏州阿合奇县
3,2024/1/24 23:00,41,78,15,新疆克孜勒苏州阿合奇县
3,2024/1/24 20:36,41,79,15,新疆阿克苏地区乌什县
3,2024/1/24 17:43,41,79,15,新疆克孜勒苏州阿合奇县
3,2024/1/24 17:30,41,79,15,新疆克孜勒苏州阿合奇县
3,2024/1/24 16:04,41,79,20,新疆克孜勒苏州阿合奇县
3,2024/1/24 15:04,41,79,18,新疆克孜勒苏州阿合奇县
3,2024/1/24 14:51,41,79,18,新疆阿克苏地区乌什县
3,2024/1/24 14:29,41,79,15,新疆阿克苏地区乌什县
3,2024/1/24 12:58,41,79,10,新疆克孜勒苏州阿合奇县
3,2024/1/24 11:56,41,79,15,新疆克孜勒苏州阿合奇县
4,2024/1/24 10:54,41,79,10,新疆克孜勒苏州阿合奇县
3,2024/1/24 10:16,41,79,10,新疆克孜勒苏州阿合奇县
3,2024/1/24 9:59,41,79,10,新疆阿克苏地区乌什县
4,2024/1/24 9:35,41,79,10,新疆阿克苏地区乌什县
3,2024/1/24 8:15,41,79,10,新疆克孜勒苏州阿合奇县
3,2024/1/23 19:31,41,79,10,新疆克孜勒苏州阿合奇县
4,2024/1/23 19:07,41,79,10,新疆阿克苏地区乌什县
3,2024/1/23 18:05,41,79,10,新疆克孜勒苏州阿合奇县
3,2024/1/23 17:47,41,79,10,新疆克孜勒苏州阿合奇县
4,2024/1/23 17:24,41,79,10,新疆阿克苏地区乌什县
4,2024/1/23 17:23,41,79,10,新疆克孜勒苏州阿合奇县
4,2024/1/23 17:10,41,79,10,新疆克孜勒苏州阿合奇县
5,2024/1/23 17:07,41,79,10,新疆克孜勒苏州阿合奇县
3,2024/1/23 16:31,41,79,10,新疆克孜勒苏州阿合奇县
3,2024/1/23 15:31,41,79,10,新疆克孜勒苏州阿合奇县
4,2024/1/23 15:19,41,79,10,新疆克孜勒苏州阿合奇县
3,2024/1/23 15:12,41,79,10,新疆克孜勒苏州阿合奇县
3,2024/1/23 15:06,41,79,10,新疆克孜勒苏州阿合奇县
3,2024/1/23 14:45,41,79,10,新疆阿克苏地区乌什县
3,2024/1/23 14:41,41,79,10,新疆克孜勒苏州阿合奇县
3,2024/1/23 13:33,41,79,10,新疆克孜勒苏州阿合奇县
3,2024/1/23 12:58,41,79,10,新疆阿克苏地区乌什县
3,2024/1/23 12:56,41,79,10,新疆克孜勒苏州阿合奇县
4,2024/1/23 12:30,41,79,10,新疆克孜勒苏州阿合奇县
4,2024/1/23 12:25,41,79,10,新疆克孜勒苏州阿合奇县
3,2024/1/23 12:21,41,79,10,新疆阿克苏地区乌什县
3,2024/1/23 12:13,41,79,10,新疆克孜勒苏州阿合奇县
5,2024/1/23 12:01,41,79,10,新疆阿克苏地区乌什县
4,2024/1/23 11:52,41,79,20,新疆阿克苏地区乌什县
3,2024/1/23 11:15,41,79,10,新疆阿克苏地区乌什县
4,2024/1/23 6:20,41,79,16,新疆克孜勒苏州阿合奇县
3,2024/1/23 6:08,41,79,18,新疆阿克苏地区乌什县
3,2024/1/23 6:00,41,79,11,新疆克孜勒苏州阿合奇县
3,2024/1/23 5:50,41,79,15,新疆阿克苏地区乌什县
4,2024/1/23 5:49,41,79,11,新疆克孜勒苏州阿合奇县
5,2024/1/23 5:43,41,79,13,新疆克孜勒苏州阿合奇县
3,2024/1/23 5:40,41,79,10,新疆克孜勒苏州阿合奇县
4,2024/1/23 5:38,41,79,12,新疆阿克苏地区乌什县
3,2024/1/23 5:25,41,79,20,新疆克孜勒苏州阿合奇县
3,2024/1/23 5:21,41,79,20,新疆克孜勒苏州阿合奇县
4,2024/1/23 5:16,41,79,20,新疆克孜勒苏州阿合奇县
3,2024/1/23 5:04,41,79,20,新疆克孜勒苏州阿合奇县
5,2024/1/23 4:57,41,79,20,新疆阿克苏地区乌什县
3,2024/1/23 4:48,41,79,20,新疆克孜勒苏州阿合奇县
3,2024/1/23 4:43,41,79,20,新疆克孜勒苏州阿合奇县
5,2024/1/23 4:29,41,79,20,新疆克孜勒苏州阿合奇县
3,2024/1/23 4:25,41,79,20,新疆克孜勒苏州阿合奇县
3,2024/1/23 4:18,41,79,20,新疆克孜勒苏州阿合奇县
3,2024/1/23 4:08,41,79,20,新疆克孜勒苏州阿合奇县
3,2024/1/23 3:59,41,79,20,新疆克孜勒苏州阿合奇县
3,2024/1/23 3:59,40,113,8,山西大同市左云县
3,2024/1/23 3:40,41,79,20,新疆克孜勒苏州阿合奇县
5,2024/1/23 3:36,41,79,20,新疆克孜勒苏州阿合奇县
3,2024/1/23 3:30,41,79,20,新疆阿克苏地区乌什县
3,2024/1/23 3:21,41,79,13,新疆克孜勒苏州阿合奇县
3,2024/1/23 3:20,41,79,14,新疆阿克苏地区乌什县
3,2024/1/23 3:17,41,79,20,新疆阿克苏地区乌什县
4,2024/1/23 3:14,41,79,20,新疆克孜勒苏州阿合奇县
5,2024/1/23 2:50,41,79,17,新疆阿克苏地区乌什县
5,2024/1/23 2:42,41,79,14,新疆阿克苏地区乌什县
5,2024/1/23 2:32,41,78,23,新疆克孜勒苏州阿合奇县
4,2024/1/23 2:17,41,78,20,新疆克孜勒苏州阿合奇县
3,2024/1/23 2:16,41,79,20,新疆克孜勒苏州阿合奇县
5,2024/1/23 2:14,41,79,20,新疆阿克苏地区乌什县
7,2024/1/23 2:09,41,79,22,新疆阿克苏地区乌什县
3,2024/1/22 22:23,39,97,10,甘肃酒泉市肃北县
3,2024/1/22 17:00,38,75,137,新疆克孜勒苏州阿克陶县
5,2024/1/22 12:33,42,81,16,新疆阿克苏地区拜城县
4,2024/1/20 1:41,28,105,9,四川宜宾市兴文县
4,2024/1/20 1:25,38,90,10,新疆巴音郭楞州若羌县
3,2024/1/19 13:02,29,103,16,四川乐山市峨边县
3,2024/1/19 6:24,29,103,12,四川乐山市峨边县
3,2024/1/18 1:55,40,77,15,新疆克孜勒苏州阿图什市
3,2024/1/17 16:45,33,120,9,江苏盐城市东台市
3,2024/1/16 16:45,30,92,10,西藏林芝市工布江达县
3,2024/1/16 10:06,29,105,8,四川宜宾市江安县
3,2024/1/15 21:05,40,75,10,新疆克孜勒苏州乌恰县
3,2024/1/13 13:25,36,103,8,甘肃临夏州积石山县
3,2024/1/12 9:29,41,84,10,新疆阿克苏地区库车市
3,2024/1/12 0:55,38,77,10,新疆喀什地区莎车县
3,2024/1/10 22:46,36,103,10,甘肃临夏州积石山县
3,2024/1/10 2:46,38,84,17,新疆和田地区民丰县
3,2024/1/10 1:26,38,84,20,新疆和田地区民丰县
3,2024/1/9 2:36,41,84,14,新疆巴音郭楞州尉犁县
3,2024/1/9 2:08,44,85,23,新疆塔城地区乌苏市
4,2024/1/9 2:07,44,85,22,新疆塔城地区乌苏市
3,2024/1/9 0:21,28,101,11,四川凉山州盐源县
4,2024/1/8 3:48,39,97,12,甘肃酒泉市肃北县
4,2024/1/5 1:37,41,84,15,新疆阿克苏地区库车市
4,2024/1/4 22:29,21,109,9,广西北海市银海区海域
2,2024/1/4 2:49,41,114,10,河北张家口市张北县
4,2024/1/3 18:08,25,117,13,福建漳州市华安县
3,2024/1/1 7:04,32,104,16,四川绵阳市安州区
5,2023/12/31 22:27,37,105,10,甘肃白银市平川区
3,2023/12/31 14:07,29,104,8,四川自贡市荣县
3,2023/12/30 10:15,37,122,12,山东威海市荣成市海域
3,2023/12/30 2:44,39,78,15,新疆喀什地区巴楚县
3,2023/12/28 19:51,25,99,10,云南保山市施甸县
3,2023/12/28 5:15,43,94,10,新疆哈密市伊州区
3,2023/12/27 4:22,32,105,10,四川广元市青川县
3,2023/12/27 0:08,36,103,10,甘肃临夏州积石山县
3,2023/12/26 18:11,40,76,20,新疆克孜勒苏州阿图什市
3,2023/12/25 14:48,41,84,10,新疆阿克苏地区库车市
3,2023/12/25 4:23,39,102,13,甘肃金昌市金川区
3,2023/12/24 22:28,40,78,17,新疆克孜勒苏州阿图什市
3,2023/12/24 19:51,38,75,142,新疆克孜勒苏州阿克陶县
3,2023/12/24 16:39,40,119,11,河北唐山市滦州市
3,2023/12/23 18:37,41,83,25,新疆阿克苏地区沙雅县
3,2023/12/23 10:31,45,89,14,新疆昌吉州吉木萨尔县
3,2023/12/22 22:16,41,84,10,新疆巴音郭楞州轮台县
3,2023/12/22 14:43,36,103,8,甘肃临夏州积石山县
3,2023/12/21 12:26,41,84,12,新疆阿克苏地区库车市
4,2023/12/21 4:02,36,103,8,甘肃临夏州积石山县
3,2023/12/20 0:32,36,103,9,甘肃临夏州积石山县
3,2023/12/19 21:49,28,105,8,四川宜宾市长宁县
6,2023/12/19 9:46,40,78,10,新疆克孜勒苏州阿图什市
3,2023/12/19 2:10,36,103,10,甘肃临夏州积石山县
3,2023/12/19 1:20,36,103,10,甘肃临夏州积石山县
3,2023/12/19 1:10,36,103,10,甘肃临夏州积石山县
4,2023/12/19 0:59,36,103,10,甘肃临夏州积石山县
3,2023/12/19 0:59,36,103,10,甘肃临夏州积石山县
3,2023/12/19 0:56,36,103,10,甘肃临夏州积石山县
3,2023/12/19 0:43,36,103,10,甘肃临夏州积石山县
4,2023/12/19 0:36,36,103,10,甘肃临夏州积石山县
4,2023/12/19 0:24,36,103,10,甘肃临夏州积石山县
6,2023/12/18 23:59,36,103,10,甘肃临夏州积石山县
3,2023/12/17 12:17,37,76,80,新疆喀什地区叶城县
3,2023/12/16 6:39,39,77,10,新疆喀什地区巴楚县
4,2023/12/15 9:01,41,84,17,新疆巴音郭楞州尉犁县
2,2023/12/15 8:03,39,118,11,河北唐山市丰南区
4,2023/12/14 10:38,29,105,8,四川泸州市泸县
3,2023/12/14 5:21,40,118,9,河北唐山市遵化市
3,2023/12/13 23:33,33,88,10,西藏那曲市双湖县
3,2023/12/13 8:05,37,77,80,新疆喀什地区叶城县
3,2023/12/12 23:41,38,76,22,新疆克孜勒苏州阿克陶县
3,2023/12/12 3:59,40,75,10,新疆克孜勒苏州乌恰县
4,2023/12/9 14:19,24,123,40,台湾宜兰县海域
3,2023/12/8 9:47,38,78,22,新疆和田地区皮山县
4,2023/12/7 23:01,35,120,8,江苏连云港市赣榆区海域
3,2023/12/6 20:06,40,112,16,内蒙古呼和浩特市和林格尔县
3,2023/12/6 0:16,44,84,10,新疆塔城地区乌苏市
4,2023/12/5 8:48,38,75,136,新疆克孜勒苏州阿克陶县
3,2023/12/3 15:14,24,98,10,云南德宏州芒市
4,2023/12/2 2:24,24,98,10,云南德宏州芒市
4,2023/12/2 2:16,24,98,10,云南德宏州芒市
3,2023/12/2 1:44,24,98,10,云南德宏州芒市
5,2023/12/2 1:36,24,98,10,云南德宏州芒市
3,2023/12/1 23:51,39,97,11,甘肃酒泉市肃北县
3,2023/12/1 23:04,39,97,10,甘肃酒泉市肃北县
5,2023/12/1 22:55,39,97,9,甘肃酒泉市肃北县
3,2023/12/1 9:25,27,104,8,贵州毕节市威宁县
4,2023/12/1 4:36,28,105,8,四川宜宾市珙县
3,2023/11/30 20:17,40,106,15,内蒙古阿拉善盟阿拉善左旗
4,2023/11/30 19:25,40,106,21,内蒙古阿拉善盟阿拉善左旗
4,2023/11/30 3:44,38,112,28,山西太原市清徐县
3,2023/11/29 20:40,36,76,10,新疆喀什地区塔什库尔干县
3,2023/11/28 7:38,41,84,10,新疆阿克苏地区库车市
3,2023/11/28 7:30,25,106,10,贵州黔西南州贞丰县
4,2023/11/28 6:15,29,88,10,西藏日喀则市萨迦县
3,2023/11/27 22:46,25,103,10,云南玉溪市澄江市
3,2023/11/26 23:33,30,97,10,西藏昌都市八宿县
5,2023/11/26 12:31,24,123,18,台湾花莲县海域
4,2023/11/26 12:11,24,122,17,台湾花莲县海域
3,2023/11/26 5:02,41,83,20,新疆阿克苏地区沙雅县
4,2023/11/25 20:06,43,94,10,新疆哈密市伊州区
4,2023/11/24 13:33,38,106,13,宁夏银川市灵武市
4,2023/11/23 0:13,40,77,17,新疆喀什地区伽师县
3,2023/11/21 3:26,37,84,10,新疆和田地区民丰县
3,2023/11/18 17:48,37,106,15,宁夏中卫市海原县
3,2023/11/18 5:24,47,86,30,新疆塔城地区和布克赛尔县
4,2023/11/16 11:33,37,78,18,新疆和田地区皮山县
4,2023/11/16 1:27,42,83,10,新疆阿克苏地区拜城县
4,2023/11/15 22:17,45,80,10,新疆伊犁州霍尔果斯市
3,2023/11/14 5:38,41,78,10,新疆克孜勒苏州阿合奇县
4,2023/11/13 8:56,27,103,15,四川凉山州宁南县
3,2023/11/12 5:21,42,83,10,新疆阿克苏地区拜城县
5,2023/11/11 0:54,23,122,30,台湾台东县海域
3,2023/11/8 23:34,40,78,10,新疆克孜勒苏州阿合奇县
3,2023/11/8 19:13,41,78,10,新疆克孜勒苏州阿图什市
3,2023/11/8 7:25,34,89,8,西藏那曲市双湖县
3,2023/11/8 3:46,41,78,10,新疆克孜勒苏州阿图什市
3,2023/11/8 3:34,41,78,10,新疆克孜勒苏州阿图什市
4,2023/11/8 2:52,41,78,12,新疆克孜勒苏州阿图什市
4,2023/11/8 2:31,41,78,11,新疆克孜勒苏州阿合奇县
4,2023/11/8 2:15,41,78,11,新疆克孜勒苏州阿图什市
5,2023/11/8 2:09,40,78,10,新疆克孜勒苏州阿图什市
3,2023/11/7 10:07,42,86,10,新疆巴音郭楞州库尔勒市
3,2023/11/6 13:42,39,75,10,新疆克孜勒苏州阿克陶县
3,2023/11/5 12:59,39,97,14,甘肃酒泉市肃北县
4,2023/11/4 19:24,22,112,8,广东江门市恩平市
4,2023/10/31 19:13,41,84,36,新疆阿克苏地区沙雅县
3,2023/10/31 10:01,39,117,10,河北廊坊市安次区
4,2023/10/31 8:40,36,84,10,新疆和田地区民丰县
4,2023/10/31 6:24,37,84,10,新疆和田地区民丰县
4,2023/10/31 2:12,41,83,22,新疆阿克苏地区库车市
4,2023/10/30 20:30,41,84,16,新疆巴音郭楞州尉犁县
3,2023/10/30 16:56,41,83,20,新疆阿克苏地区沙雅县
3,2023/10/30 7:00,41,84,10,新疆阿克苏地区沙雅县
3,2023/10/30 6:39,41,84,10,新疆阿克苏地区沙雅县
3,2023/10/30 4:53,40,83,25,新疆阿克苏地区沙雅县
3,2023/10/29 20:58,37,84,10,新疆和田地区民丰县
3,2023/10/29 1:34,42,87,20,新疆巴音郭楞州和硕县
3,2023/10/29 0:26,41,83,16,新疆阿克苏地区沙雅县
3,2023/10/28 5:30,45,93,10,新疆哈密市巴里坤县
4,2023/10/28 1:10,37,84,10,新疆和田地区民丰县
3,2023/10/28 0:16,32,88,10,西藏那曲市申扎县
3,2023/10/27 13:03,39,97,10,甘肃酒泉市肃北县
4,2023/10/27 12:38,37,84,10,新疆和田地区民丰县
3,2023/10/27 2:34,38,101,8,青海海北州门源县
3,2023/10/26 4:18,37,84,10,新疆和田地区民丰县
4,2023/10/26 2:35,37,84,10,新疆和田地区民丰县
4,2023/10/26 2:03,39,97,11,甘肃酒泉市肃北县
3,2023/10/26 0:38,36,84,10,新疆和田地区民丰县
3,2023/10/26 0:35,37,84,10,新疆和田地区民丰县
3,2023/10/25 23:55,37,84,10,新疆和田地区民丰县
4,2023/10/25 23:52,37,84,10,新疆和田地区民丰县
3,2023/10/25 23:50,37,84,10,新疆和田地区民丰县
3,2023/10/25 19:34,37,84,10,新疆和田地区民丰县
4,2023/10/25 12:48,43,128,10,吉林延边州敦化市
3,2023/10/25 3:33,39,97,10,甘肃酒泉市肃北县
4,2023/10/25 2:02,34,88,10,西藏那曲市双湖县
3,2023/10/25 1:00,37,84,10,新疆和田地区民丰县
6,2023/10/24 19:32,39,97,10,甘肃酒泉市肃北县
3,2023/10/24 11:50,41,84,10,新疆阿克苏地区库车市
4,2023/10/24 10:54,24,123,10,台湾花莲县海域
6,2023/10/24 7:05,24,123,10,台湾花莲县海域
3,2023/10/24 6:47,31,87,10,西藏那曲市尼玛县
4,2023/10/23 21:19,23,121,25,台湾台东县海域
4,2023/10/23 16:43,32,88,8,西藏那曲市申扎县
5,2023/10/23 14:10,34,91,10,青海海西州唐古拉地区
3,2023/10/23 12:04,39,97,8,甘肃酒泉市肃北县
5,2023/10/23 3:20,23,117,10,广东汕头市南澳县海域
5,2023/10/22 23:14,39,97,10,甘肃酒泉市肃北县
3,2023/10/21 17:08,35,104,10,甘肃甘南州临潭县
3,2023/10/21 4:50,37,84,10,新疆和田地区民丰县
3,2023/10/21 3:52,36,84,20,新疆和田地区民丰县
3,2023/10/20 17:56,40,83,25,新疆阿克苏地区沙雅县
3,2023/10/20 9:12,37,84,11,新疆和田地区民丰县
3,2023/10/20 8:52,37,84,10,新疆和田地区民丰县
3,2023/10/20 5:04,24,99,14,云南临沧市永德县
4,2023/10/19 17:59,41,84,12,新疆阿克苏地区库车市
3,2023/10/18 22:49,36,78,10,新疆和田地区皮山县
3,2023/10/18 10:07,22,112,10,广东阳江市江城区
3,2023/10/17 16:01,41,83,10,新疆阿克苏地区库车市
3,2023/10/17 2:40,31,101,14,四川甘孜州炉霍县
3,2023/10/16 15:30,30,102,12,四川甘孜州泸定县
3,2023/10/16 11:07,22,112,13,广东阳江市阳西县
3,2023/10/15 18:50,35,90,9,青海海西州唐古拉地区
3,2023/10/15 5:53,32,79,10,西藏阿里地区札达县
3,2023/10/15 2:22,36,90,9,西藏那曲市安多县
4,2023/10/14 22:04,24,122,19,台湾花莲县海域
5,2023/10/14 15:53,24,122,20,台湾花莲县海域
2,2023/10/13 8:37,39,120,8,河北唐山市乐亭县海域
3,2023/10/12 22:02,41,83,10,新疆阿克苏地区库车市
5,2023/10/11 18:36,23,121,14,台湾花莲县
3,2023/10/11 8:15,41,84,10,新疆阿克苏地区库车市
4,2023/10/9 3:46,31,86,25,西藏那曲市尼玛县
5,2023/10/9 0:17,42,82,10,新疆阿克苏地区拜城县
3,2023/10/8 21:37,32,79,10,西藏阿里地区札达县
3,2023/10/8 12:33,39,79,26,新疆喀什地区巴楚县
3,2023/10/8 0:15,42,82,15,新疆阿克苏地区拜城县
3,2023/10/7 21:21,32,116,15,安徽六安市裕安区
4,2023/10/7 14:04,42,82,25,新疆阿克苏地区拜城县
4,2023/10/7 13:09,42,82,21,新疆阿克苏地区拜城县
3,2023/10/5 23:29,38,75,92,新疆喀什地区塔什库尔干县
3,2023/10/5 1:52,40,83,24,新疆阿克苏地区沙雅县
